,"MPSSAA Basketball History of Finalists, 1947-2024",,,,,,
,GIRLS,,,,BOYS,,
,TEAM,YEAR,Final Standing,,TEAM,YEAR,Standing
,GWYNN PARK,1947,Champion,,BRUNSWICK,1947, Semifinalist
,MIDDLETOWN,1973, Semifinalist,,DENTON,1947, Semifinalist
,SHERWOOD,1973, Semifinalist,,GLEN BURNIE,1947, Semifinalist
,SNOW HILL,1973, Finalist,,HAGERSTOWN,1947, Semifinalist
,PARKVILLE,1973, Champion,,HYATTSVILLE,1947, Semifinalist
,ANNAPOLIS,1974,Semifinalist,,SUDLERSVILLE,1947, Semifinalist
,HIGH POINT,1974,Semifinalist,,WICOMICO,1947, Semifinalist
,SNOW HILL,1974, Finalist,,WILLIAMSPORT,1947, Semifinalist
,SHERWOOD,1974, Champion,,CAMBRIDGE,1947, Finalist
,ANNAPOLIS,1975,Semifinalist,,EASTON,1947, Finalist
,CHOPTICON,1975,Semifinalist,,SPARROWS POINT,1947, Finalist
,BLADENSBURG,1975,Champion,,VIENNA,1947, Finalist
,MOUNT SAVAGE,1975, Semifinalist,,ALLEGANY,1947, Champion
,NORTH EAST (Cecil),1975, Semifinalist,,GREENBELT,1947, Champion
,SNOW HILL,1975, Semifinalist,,MOUNT RAINIER,1947, Champion
,WHEATON,1975, Semifinalist,,WESTMINSTER,1947, Champion
,ANNAPOLIS,1976,Semifinalist,,BETHESDA-CHEVY CHASE,1948, Semifinalist
,JAMES M. BENNETT,1976,Semifinalist,,DAMASCUS,1948, Semifinalist
,KENT COUNTY,1976,Semifinalist,,ELKTON,1948, Semifinalist
,BLADENSBURG,1976,Champion,,GREENBELT,1948, Semifinalist
,LOCH RAVEN,1976,Champion,,SPARKS,1948, Semifinalist
,NORTH EAST (Cecil),1976, Semifinalist,,SUDLERSVILLE,1948, Semifinalist
,NORTH HAGERSTOWN,1976, Semifinalist,,CAMBRIDGE,1948, Finalist
,POCOMOKE,1976, Semifinalist,,OCEAN CITY,1948, Finalist
,WILDE LAKE,1976, Semifinalist,,WASHINGTON,1948, Finalist
,MOUNT SAVAGE,1976, Finalist,,WICOMICO,1948, Finalist
,PARKVILLE,1976, Finalist,,BRUCE,1948, Champion
,WHEATON,1976, Finalist,,CALVERT,1948, Champion
,OXON HILL,1976, Champion,,FORT HILL,1948, Champion
,SHERWOOD,1976, Champion,,FRANKLIN,1948, Champion
,SMITHSBURG,1976, Champion,,WILLIAMSPORT,1948, Champion
,DULANEY,1977,Semifinalist,,CATONSVILLE,1949, Semifinalist
,HEREFORD,1977,Semifinalist,,CLARKSVILLE,1949, Semifinalist
,MARDELA,1977,Semifinalist,,ELKTON,1949, Semifinalist
,ANNAPOLIS,1977,Finalist,,FRIENDLY,1949, Semifinalist
,STEPHEN DECATUR,1977,Finalist,,GREENBELT,1949, Semifinalist
,ANDOVER,1977,Champion,,HYATTSVILLE,1949, Semifinalist
,DUVAL,1977,Champion,,NORTH EAST (Cecil),1949, Semifinalist
,LA PLATA,1977,Champion,,CAMBRIDGE,1949, Finalist
,NORTH HAGERSTOWN,1977, Semifinalist,,OCEAN CITY,1949, Finalist
,SHERWOOD,1977, Semifinalist,,WASHINGTON,1949, Finalist
,SMITHSBURG,1977, Semifinalist,,WICOMICO,1949, Finalist
,SPRINGBROOK,1977, Semifinalist,,BEALL,1949, Champion
,WICOMICO,1977, Semifinalist,,BRUCE,1949, Champion
,OAKLAND MILLS,1977, Finalist,,CALVERT,1949, Champion
,MOUNT SAVAGE,1977, Champion,,DAMASCUS,1949, Champion
,OXON HILL,1977, Champion,,FORT HILL,1949, Champion
,FRIENDLY,1978,Semifinalist,,ABERDEEN,1950, Semifinalist
,KENT COUNTY,1978,Semifinalist,,DAMASCUS,1950, Semifinalist
,ANDOVER,1978,Finalist,,FRIENDLY,1950, Semifinalist
,FRANCIS SCOTT KEY,1978,Finalist,,GLEN BURNIE,1950, Semifinalist
,MARDELA,1978,Finalist,,MONTGOMERY BLAIR,1950, Finalist
,HAVRE DE GRACE,1978,Champion,,CLARKSVILLE,1950, Finalist
,MOUNT SAVAGE,1978, Semifinalist,,ELKTON,1950, Finalist
,NORTH EAST (Cecil),1978, Semifinalist,,MARDELA,1950, Finalist
,SENECA VALLEY,1978, Semifinalist,,WICOMICO,1950, Finalist
,SHERWOOD,1978, Semifinalist,,ALLEGANY,1950, Champion
,SPRINGBROOK,1978, Semifinalist,,BARTON,1950, Champion
,NORTH HAGERSTOWN,1978, Finalist,,CENTRAL (Lonaconing),1950, Champion
,PARKVILLE,1978, Finalist,,OCEAN CITY,1951, Finalist
,MIDDLETOWN,1978, Champion,,WICOMICO,1951, Finalist
,PARKDALE,1978, Champion,,ABERDEEN,1951, Champion
,SOUTH CARROLL,1978, Champion,,BARTON,1951, Champion
,BEL AIR,1979,Semifinalist,,HAGERSTOWN,1951, Champion
,FRIENDLY,1979,Semifinalist,,BARTON,1952, Semifinalist
,KENT COUNTY,1979,Semifinalist,,DAMASCUS,1952, Semifinalist
,FORT HILL,1979,Finalist,,GLEN BURNIE,1952, Semifinalist
,MOUNT SAVAGE,1979, Semifinalist,,RICHARD MONTGOMERY,1952, Semifinalist
,NORTH EAST (Cecil),1979, Semifinalist,,SYKESVILLE,1952, Semifinalist
,SHERWOOD,1979, Semifinalist,,WICOMICO,1952, Semifinalist
,SOUTH CARROLL,1979, Semifinalist,,EASTON,1952, Finalist
,WALT WHITMAN,1979, Semifinalist,,HAGERSTOWN,1952, Finalist
,SMITHSBURG,1979, Finalist,,NEW WINDSOR,1952, Finalist
,TOWSON,1979, Finalist,,NORTHWESTERN (PG),1952, Finalist
,NORTHWESTERN (PG),1979, Champion,,MONTGOMERY BLAIR,1952, Champion
,PAINT BRANCH,1979, Champion,,CENTRAL (Lonaconing),1952, Champion
,SNOW HILL,1979, Champion,,OCEAN CITY,1952, Champion
,SOUTHERN (AA),1979, Champion,,EASTON,1953, Semifinalist
,FREDERICK,1980,Semifinalist,,ELKTON,1953, Semifinalist
,LEONARDTOWN,1980,Semifinalist,,VIENNA,1953, Semifinalist
,GREAT MILLS,1980,Semifinalist,,WICOMICO,1953, Semifinalist
,ELKTON,1980,Semifinalist,,ALLEGANY,1953, Finalist
,CENTENNIAL,1980,Finalist,,ARUNDEL,1953, Finalist
,DUVAL,1980,Champion,,BEL AIR,1953, Finalist
,MOUNT SAVAGE,1980, Semifinalist,,ELMER WOLFE,1953, Finalist
,SEVERNA PARK,1980, Semifinalist,,BARTON,1953, Champion
,SMITHSBURG,1980, Semifinalist,,MONTGOMERY BLAIR,1953, Champion
,TOWSON,1980, Semifinalist,,BRUCE,1953, Champion
,ELEANOR ROOSEVELT,1980, Finalist,,ROCK HALL,1953, Champion
,SNOW HILL,1980, Finalist,,ANNAPOLIS,1954, Semifinalist
,SOUTH CARROLL,1980, Finalist,,HENRY E. LACKEY,1954, Semifinalist
,MOUNT HEBRON,1980, Champion,,POCOMOKE,1954, Semifinalist
,PAINT BRANCH,1980, Champion,,WICOMICO,1954, Semifinalist
,SOUTHERN (AA),1980, Champion,,BETHESDA-CHEVY CHASE,1954, Finalist
,ANDOVER,1981,Semifinalist,,EASTON,1954, Finalist
,BEALL,1981,Semifinalist,,NEW WINDSOR,1954, Finalist
,DAMASCUS,1981,Semifinalist,,ALLEGANY,1954, Champion
,DULANEY,1981,Semifinalist,,BRUCE,1954, Champion
,LARGO,1981,Semifinalist,,FEDERALSBURG,1954, Champion
,LEONARDTOWN,1981,Semifinalist,,PERRYVILLE,1954, Champion
,ELKTON,1981,Semifinalist,,ABERDEEN,1955, Semifinalist
,DOUGLASS (PG),1981,Finalist,,KENWOOD,1955, Semifinalist
,CENTENNIAL,1981,Champion,,VALLEY,1955, Semifinalist
,MOUNT HEBRON,1981, Finalist,,WICOMICO,1955, Semifinalist
,PAINT BRANCH,1981, Finalist,,CENTREVILLE,1955, Finalist
,SNOW HILL,1981, Finalist,,HAGERSTOWN,1955, Finalist
,SOUTHERN (AA),1981, Finalist,,MARDELA,1955, Finalist
,NORTH HAGERSTOWN,1981, Champion,,OXON HILL,1955, Finalist
,PARKDALE,1981, Champion,,SOUTHERN (AA),1955, Finalist
,SMITHSBURG,1981, Champion,,MONTGOMERY BLAIR,1955, Champion
,WESTMINSTER,1981, Champion,,CAMBRIDGE,1955, Champion
,ANDOVER,1982,Semifinalist,,HENRY E. LACKEY,1955, Champion
,ATHOLTON,1982,Semifinalist,,ARUNDEL,1956, Semifinalist
,DULANEY,1982,Semifinalist,,CAMBRIDGE,1956, Semifinalist
,FRIENDLY,1982,Semifinalist,,HENRY E. LACKEY,1956, Semifinalist
,ANNAPOLIS,1982,Finalist,,MANCHESTER,1956, Semifinalist
,HEREFORD,1982,Finalist,,WICOMICO,1956, Semifinalist
,MONTGOMERY BLAIR,1982,Champion,,ALLEGANY,1956, Finalist
,BROOKLYN PARK,1982,Champion,,BEL AIR,1956, Finalist
,DUVAL,1982,Champion,,CRISFIELD,1956, Finalist
,MOUNT SAVAGE,1982, Semifinalist,,OXON HILL,1956, Finalist
,PARKSIDE,1982, Semifinalist,,CENTREVILLE,1956, Champion
,SNOW HILL,1982, Semifinalist,,NORTHWESTERN (PG),1956, Champion
,TOWSON,1982, Semifinalist,,VALLEY,1956, Champion
,SMITHSBURG,1982, Finalist,,CHESTERTOWN,1957, Semifinalist
,WHEATON,1982, Finalist,,HOWARD COUNTY,1957, Semifinalist
,CHARLES W. WOODWARD,1982, Champion,,SOUTHERN (AA),1957, Semifinalist
,ANDOVER,1983,Semifinalist,,SUDLERSVILLE,1957, Semifinalist
,DULANEY,1983,Semifinalist,,WICOMICO,1957, Semifinalist
,GLEN BURNIE,1983,Semifinalist,,MONTGOMERY BLAIR,1957, Finalist
,BROOKLYN PARK,1983,Finalist,,STEPHEN DECATUR,1957, Finalist
,COL. ZADOK MAGRUDER,1983,Finalist,,LAUREL,1957, Finalist
,LIBERTY,1983,Finalist,,OXON HILL,1957, Finalist
,GOV. THOMAS JOHNSON,1983,Champion,,CRISFIELD,1957, Champion
,MOUNT SAVAGE,1983, Semifinalist,,FREDERICK,1957, Champion
,SNOW HILL,1983, Semifinalist,,VALLEY,1957, Champion
,WICOMICO,1983, Semifinalist,,ANNAPOLIS,1958, Semifinalist
,PAINT BRANCH,1983, Finalist,,CRISFIELD,1958, Semifinalist
,POTOMAC,1983, Finalist,,NEW WINDSOR,1958, Semifinalist
,SMITHSBURG,1983, Champion,,NORTH CARROLL,1958, Semifinalist
,SOUTHERN (AA),1983, Champion,,VALLEY,1958, Semifinalist
,SPRINGBROOK,1983, Champion,,WICOMICO,1958, Semifinalist
,DULANEY,1984,Semifinalist,,MONTGOMERY BLAIR,1958, Finalist
,FALLSTON,1984,Semifinalist,,GAITHERSBURG,1958, Finalist
,FORT HILL,1984,Semifinalist,,WALKERSVILLE,1958, Finalist
,CATONSVILLE,1984,Finalist,,CHESTERTOWN,1958, Champion
,CROSSLAND,1984,Champion,,FORT HILL,1958, Champion
,FAIRMONT HEIGHTS,1984,Champion,,HENRY E. LACKEY,1958, Champion
,SMITHSBURG,1984, Semifinalist,,ANNAPOLIS,1959, Semifinalist
,SOUTH RIVER,1984, Semifinalist,,CAMBRIDGE,1959, Semifinalist
,SOUTHERN (G),1984, Semifinalist,,CRISFIELD,1959, Semifinalist
,CHARLES W. WOODWARD,1984, Semifinalist,,HANCOCK,1959, Semifinalist
,NORTH CAROLINE,1984, Finalist,,NORTH HAGERSTOWN,1959, Semifinalist
,SPRINGBROOK,1984, Finalist,,RISING SUN,1959, Semifinalist
,OWINGS MILLS,1984, Champion,,ABERDEEN,1959, Finalist
,SOUTHERN (AA),1984, Champion,,HOWARD COUNTY,1959, Finalist
,WESTMINSTER,1984, Champion,,ELMER WOLFE,1959, Finalist
,CATOCTIN,1985,Semifinalist,,BETHESDA-CHEVY CHASE,1959, Champion
,DULANEY,1985,Semifinalist,,HENRY E. LACKEY,1959, Champion
,FAIRMONT HEIGHTS,1985,Semifinalist,,VALLEY,1959, Champion
,FORESTVILLE,1985,Semifinalist,,ALLEGANY,1960, Semifinalist
,COL. ZADOK MAGRUDER,1985,Semifinalist,,BETHESDA-CHEVY CHASE,1960, Semifinalist
,BROOKLYN PARK,1985,Champion,,CRISFIELD,1960, Semifinalist
,NORTH HARFORD,1985, Semifinalist,,EASTON,1960, Semifinalist
,OLD MILL,1985, Semifinalist,,NORTH EAST (Cecil),1960, Semifinalist
,SOUTHERN (G),1985, Semifinalist,,NORTHERN (G),1960, Semifinalist
,ELEANOR ROOSEVELT,1985, Finalist,,POOLESVILLE,1960, Semifinalist
,SNOW HILL,1985, Finalist,,FRANCIS SCOTT KEY,1960, Finalist
,TOWSON,1985, Finalist,,MILFORD MILL,1960, Finalist
,SOUTHERN (AA),1985, Champion,,BLADENSBURG,1960, Champion
,WHEATON,1985, Champion,,SURRATTSVILLE,1960, Champion
,FALLSTON,1986,Semifinalist,,WALKERSVILLE,1960, Champion
,WALTER JOHNSON,1986,Semifinalist,,ANNAPOLIS,1961, Semifinalist
,NORTH CAROLINE,1986,Semifinalist,,BEALL,1961, Semifinalist
,BLADENSBURG,1986,Finalist,,CAMBRIDGE,1961, Semifinalist
,CATOCTIN,1986,Finalist,,GAITHERSBURG,1961, Semifinalist
,BROOKLYN PARK,1986,Champion,,FRANCIS SCOTT KEY,1961, Semifinalist
,MOUNT SAVAGE,1986, Semifinalist,,MILFORD MILL,1961, Semifinalist
,PATAPSCO,1986, Semifinalist,,FREDERICK SASSCER,1961, Semifinalist
,ROCKVILLE,1986, Semifinalist,,SUDLERSVILLE,1961, Semifinalist
,SURRATTSVILLE,1986, Semifinalist,,GLEN BURNIE,1961, Finalist
,NORTH HAGERSTOWN,1986, Finalist,,HANCOCK,1961, Finalist
,SOUTHERN (AA),1986, Finalist,,HENRY E. LACKEY,1961, Finalist
,MOUNT HEBRON,1986, Champion,,SOUTHERN (G),1961, Finalist
,OLD MILL,1986, Champion,,MONTGOMERY BLAIR,1961, Champion
,SOUTH RIVER,1986, Champion,,BRUCE,1961, Champion
,BLADENSBURG,1987,Semifinalist,,CRISFIELD,1961, Champion
,DULANEY,1987,Semifinalist,,SPARROWS POINT,1961, Champion
,FALLSTON,1987,Semifinalist,,ABERDEEN,1962, Semifinalist
,GOV. THOMAS JOHNSON,1987,Semifinalist,,ARUNDEL,1962, Semifinalist
,FRANCIS SCOTT KEY,1987,Semifinalist,,EMMITSBURG,1962, Semifinalist
,LINGANORE,1987,Semifinalist,,SOUTH HAGERSTOWN,1962, Semifinalist
,CATONSVILLE,1987,Finalist,,SPRINGBROOK,1962, Semifinalist
,BROOKLYN PARK,1987,Champion,,SUDLERSVILLE,1962, Semifinalist
,LA PLATA,1987,Champion,,TOWSON,1962, Semifinalist
,POCOMOKE,1987, Semifinalist,,VALLEY,1962, Semifinalist
,SOUTH RIVER,1987, Semifinalist,,BLADENSBURG,1962, Finalist
,MOUNT SAVAGE,1987, Finalist,,CRISFIELD,1962, Finalist
,ELEANOR ROOSEVELT,1987, Finalist,,NORTH CAROLINE,1962, Finalist
,SOUTHERN (AA),1987, Finalist,,WALKERSVILLE,1962, Finalist
,MOUNT HEBRON,1987, Champion,,MONTGOMERY BLAIR,1962, Champion
,ROCKVILLE,1987, Champion,,NORTH HARFORD,1962, Champion
,MONTGOMERY BLAIR,1988,Semifinalist,,POOLESVILLE,1962, Champion
,LANSDOWNE,1988,Semifinalist,,SURRATTSVILLE,1962, Champion
,HEREFORD,1988,Semifinalist,,CAMBRIDGE,1963, Semifinalist
,MARDELA,1988,Semifinalist,,FAIRMONT HEIGHTS,1963, Semifinalist
,FRIENDLY,1988,Finalist,,FREDERICK,1963, Semifinalist
,GOV. THOMAS JOHNSON,1988,Finalist,,GARNETT,1963, Semifinalist
,LANSDOWNE,1988,Finalist,,GLENEGL,1963, Semifinalist
,GWYNN PARK,1988,Finalist,,HANCOCK,1963, Semifinalist
,MEADE,1988,Finalist,,WALTER JOHNSON,1963, Semifinalist
,BROOKLYN PARK,1988,Champion,,MOTON,1963, Semifinalist
,DULANEY,1988,Champion,,WICOMICO,1963, Semifinalist
,GREAT MILLS,1988,Champion,,BLADENSBURG,1963, Finalist
,MIDDLETOWN,1988, Semifinalist,,MOUNT SAVAGE,1963, Finalist
,PARKSIDE,1988, Semifinalist,,SPRINGBROOK,1963, Finalist
,SEVERNA PARK,1988, Semifinalist,,ALLEGANY,1963, Champion
,SHERWOOD,1988, Semifinalist,,FREDERICK DOUGLASS (PG),1963, Champion
,SMITHSBURG,1988, Semifinalist,,POOLESVILLE,1963, Champion
,MOUNT HEBRON,1988, Champion,,TOWSON,1963, Champion
,STEPHEN DECATUR,1989,Semifinalist,,CARVER,1964, Semifinalist
,LANSDOWNE,1989,Semifinalist,,CENTRAL CONSOLIDATED,1964, Semifinalist
,ALBERT EINSTEIN,1989,Semifinalist,,MACE'S LANE,1964, Semifinalist
,ANDOVER,1989,Finalist,,NORTHWOOD,1964, Semifinalist
,FRIENDLY,1989,Finalist,,SURRATTSVILLE,1964, Semifinalist
,LANSDOWNE,1989,Finalist,,SYKESVILLE,1964, Semifinalist
,GLENELG,1989,Finalist,,WESTMINSTER,1964, Semifinalist
,BROADNECK,1989,Champion,,BEALL,1964, Finalist
,BROOKLYN PARK,1989,Champion,,HANCOCK,1964, Finalist
,GOV. THOMAS JOHNSON,1989,Champion,,TOWSON,1964, Finalist
,PAINT BRANCH,1989, Semifinalist,,ALLEGANY,1964, Champion
,PARKSIDE,1989, Semifinalist,,CRISFIELD,1964, Champion
,RISING SUN,1989, Semifinalist,,FAIRMONT HEIGHTS,1964, Champion
,SOUTHERN (AA),1989, Semifinalist,,WALKERSVILLE,1964, Champion
,WOODLAWN,1989, Semifinalist,,ALLEGANY,1965, Semifinalist
,VALLEY,1989, Finalist,,FORT HILL,1965, Semifinalist
,MIDDLETOWN,1989, Champion,,RICHARD MONTGOMERY,1965, Semifinalist
,MONTGOMERY BLAIR,1990,Semifinalist,,NORTH EAST (Cecil),1965, Semifinalist
,HEREFORD,1990,Semifinalist,,POCOMOKE,1965, Semifinalist
,MARDELA,1990,Semifinalist,,SHERWOOD,1965, Semifinalist
,BROOKLYN PARK,1990,Finalist,,SOLLERÕS POINT,1965, Semifinalist
,DOUGLASS (PG),1990,Finalist,,EASTON,1965, Finalist
,GOV. THOMAS JOHNSON,1990,Finalist,,LOCKERMAN,1965, Finalist
,BROADNECK,1990,Champion,,PARKVILLE,1965, Finalist
,NORTHEAST (AA),1990, Semifinalist,,WALKERSVILLE,1965, Finalist
,PARKSIDE,1990, Semifinalist,,ARUNDEL,1965, Champion
,WOODLAWN,1990, Semifinalist,,CENTRAL CONSOLIDATED,1965, Champion
,MIDDLETOWN,1990, Finalist,,SOMERSET,1965, Champion
,PARKVILLE,1990, Finalist,,SURRATTSVILLE,1965, Champion
,MOUNT HEBRON,1990, Champion,,BEALL,1966, Semifinalist
,WESTMAR,1990, Champion,,BOHEMIA MANOR,1966, Semifinalist
,BRUNSWICK,1991,Semifinalist,,EDGEWOOD,1966, Semifinalist
,DOUGLASS (PG),1991,Semifinalist,,MACE'S LANE,1966, Semifinalist
,FAIRMONT HEIGHTS,1991,Semifinalist,,MOUNT SAVAGE,1966, Semifinalist
,FREDERICK,1991,Semifinalist,,POOLESVILLE,1966, Semifinalist
,GAITHERSBURG,1991,Semifinalist,,SOUTH HAGERSTOWN,1966, Semifinalist
,KENT COUNTY,1991,Semifinalist,,SYKESVILLE,1966, Semifinalist
,GLENELG,1991,Semifinalist,,TOWSON,1966, Semifinalist
,DUVAL,1991,Champion,,BROOKLYN PARK,1966, Finalist
,NORTH CAROLINE,1991, Finalist,,BRUCE,1966, Finalist
,NORTHERN (Cal.),1991, Finalist,,HIGH POINT,1966, Finalist
,OAKLAND MILLS,1991, Finalist,,FREDERICK DOUGLASS (PG),1966, Champion
,PARKSIDE,1991, Finalist,,FAIRMONT HEIGHTS,1966, Champion
,SPRINGBROOK,1991, Finalist,,RICHARD MONTGOMERY,1966, Champion
,MOUNT HEBRON,1991, Champion,,SOMERSET,1966, Champion
,OLD MILL,1991, Champion,,ATHOLTON,1967, Semifinalist
,WESTMAR,1991, Champion,,NORTH HAGERSTOWN,1967, Semifinalist
,BRUNSWICK,1992,Semifinalist,,PERRYVILLE,1967, Semifinalist
,CALVERT,1992,Semifinalist,,POCOMOKE,1967, Semifinalist
,DAMASCUS,1992,Semifinalist,,POOLESVILLE,1967, Semifinalist
,LEONARDTOWN,1992,Semifinalist,,SYKESVILLE,1967, Semifinalist
,LAUREL,1992,Semifinalist,,TOWSON,1967, Semifinalist
,BOWIE,1992,Finalist,,VALLEY,1967, Semifinalist
,FALLSTON,1992,Finalist,,WICOMICO,1967, Semifinalist
,GLENELG,1992,Finalist,,MACE'S LANE,1967, Finalist
,HAMMOND,1992,Champion,,RICHARD MONTGOMERY,1967, Finalist
,LINGANORE,1992,Champion,,SURRATTSVILLE,1967, Finalist
,SNOW HILL,1992, Semifinalist,,FREDERICK,1967, Champion
,WICOMICO,1992, Semifinalist,,MOUNT SAVAGE,1967, Champion
,WATKINS MILL,1992, Finalist,,NORTHWESTERN (PG),1967, Champion
,OLD MILL,1992, Champion,,FREDERICK SASSCER,1967, Champion
,WILLIAMSPORT,1992, Champion,,ANDOVER,1968, Semifinalist
,CENTRAL (PG),1993,Semifinalist,,ANNAPOLIS,1968, Semifinalist
,FALLSTON,1993,Semifinalist,,JAMES M. BENNETT,1968, Semifinalist
,LANSDOWNE,1993,Semifinalist,,BOHEMIA MANOR,1968, Semifinalist
,HOWARD,1993,Semifinalist,,DUNDALK,1968, Semifinalist
,HAMMOND,1993,Finalist,,HEREFORD,1968, Semifinalist
,BLADENSBURG,1993,Champion,,MOUNT SAVAGE,1968, Semifinalist
,EASTON,1993,Champion,,NORTHERN (G),1968, Semifinalist
,MILFORD MILL,1993, Semifinalist,,SOMERSET,1968, Semifinalist
,OXON HILL,1993, Semifinalist,,FREDERICK,1968, Finalist
,PARKSIDE,1993, Semifinalist,,HENRY E. LACKEY,1968, Finalist
,SPRINGBROOK,1993, Semifinalist,,WALT WHITMAN,1968, Finalist
,WESTERN (B),1993, Finalist,,EASTON,1968, Champion
,WALT WHITMAN,1993, Finalist,,FAIRMONT HEIGHTS,1968, Champion
,WILLIAMSPORT,1993, Finalist,,GWYNN PARK,1968, Champion
,MIDDLETOWN,1993, Champion,,NORTHWESTERN (PG),1968, Champion
,OLD MILL,1993, Champion,,ANNAPOLIS,1969, Semifinalist
,ANNAPOLIS,1994,Semifinalist,,CATONSVILLE,1969, Semifinalist
,CATOCTIN,1994,Semifinalist,,WINSTON CHURCHILL,1969, Semifinalist
,DUVAL,1994,Semifinalist,,DUNDALK,1969, Semifinalist
,FALLSTON,1994,Semifinalist,,HAVRE DE GRACE,1969, Semifinalist
,EASTON,1994,Champion,,MACE'S LANE,1969, Semifinalist
,HAMMOND,1994,Champion,,MOUNT SAVAGE,1969, Semifinalist
,HOWARD,1994,Champion,,VALLEY,1969, Semifinalist
,OXON HILL,1994, Semifinalist,,DUVAL,1969, Finalist
,RANDALLSTOWN,1994, Semifinalist,,FREDERICK,1969, Finalist
,SOUTH RIVER,1994, Semifinalist,,MONTGOMERY BLAIR,1969, Champion
,SOUTHERN (G),1994, Semifinalist,,CENTRAL (PG),1969, Champion
,WALT WHITMAN,1994, Semifinalist,,FAIRMONT HEIGHTS,1969, Champion
,MIDDLETOWN,1994, Finalist,,GWYNN PARK,1969, Champion
,SHERWOOD,1994, Finalist,,ARUNDEL,1970, Semifinalist
,WESTERN (B),1994, Champion,,BRUNSWICK,1970, Semifinalist
,MONTGOMERY BLAIR,1995,Semifinalist,,CRISFIELD,1970, Semifinalist
,ARUNDEL,1995,Finalist,,DUNDALK,1970, Semifinalist
,BLADENSBURG,1995,Finalist,,HAVRE DE GRACE,1970, Semifinalist
,FALLSTON,1995,Finalist,,NORTH HAGERSTOWN,1970, Semifinalist
,HAMMOND,1995,Champion,,SHERWOOD,1970, Semifinalist
,OXON HILL,1995, Semifinalist,,SOUTHERN (AA),1970, Semifinalist
,PARKSIDE,1995, Semifinalist,,BETHESDA-CHEVY CHASE,1970, Finalist
,POCOMOKE,1995, Semifinalist,,FREDERICK,1970, Finalist
,SOUTH HAGERSTOWN,1995, Semifinalist,,LANSDOWNE,1970, Finalist
,C. MILTON WRIGHT,1995, Semifinalist,,MOUNT SAVAGE,1970, Finalist
,MOUNT HEBRON,1995, Finalist,,STEPHEN DECATUR,1970, Champion
,SOUTHERN (G),1995, Finalist,,DUVAL,1970, Champion
,WESTERN (B),1995, Champion,,FAIRMONT HEIGHTS,1970, Champion
,WALT WHITMAN,1995, Champion,,GWYNN PARK,1970, Champion
,WILDE LAKE,1995, Champion,,ARUNDEL,1971, Semifinalist
,DOUGLASS (PG),1996,Semifinalist,,DUNDALK,1971, Semifinalist
,GAITHERSBURG,1996,Semifinalist,,HOWARD COUNTY,1971, Semifinalist
,HOWARD,1996,Semifinalist,,HENRY E. LACKEY,1971, Semifinalist
,HAMMOND,1996,Finalist,,MOUNT SAVAGE,1971, Semifinalist
,HAVRE DE GRACE,1996,Finalist,,PERRYVILLE,1971, Semifinalist
,ARUNDEL,1996,Champion,,SOUTHERN (AA),1971, Semifinalist
,BRUNSWICK,1996,Champion,,SOUTHERN (G),1971, Semifinalist
,LINGANORE,1996,Champion,,ATHOLTON,1971, Finalist
,NORTH CAROLINE,1996, Semifinalist,,GWYNN PARK,1971, Finalist
,PERRY HALL,1996, Semifinalist,,WALT WHITMAN,1971, Finalist
,WASHINGTON,1996, Semifinalist,,FAIRMONT HEIGHTS,1971, Champion
,C. MILTON WRIGHT,1996, Semifinalist,,PARKDALE,1971, Champion
,SHERWOOD,1996, Finalist,,POCOMOKE,1971, Champion
,WESTMAR,1996, Finalist,,ROCKVILLE,1971, Champion
,RICHARD MONTGOMERY,1996, Champion,,ANNAPOLIS,1972, Semifinalist
,ANNAPOLIS,1997,Semifinalist,,CALVERT COUNTY,1972, Semifinalist
,FALLSTON,1997,Semifinalist,,CENTRAL (PG),1972, Semifinalist
,FRIENDLY,1997,Semifinalist,,FREDERICK,1972, Semifinalist
,HEREFORD,1997,Semifinalist,,HAVRE DE GRACE,1972, Semifinalist
,MARDELA,1997,Semifinalist,,MOUNT SAVAGE,1972, Semifinalist
,MONTGOMERY BLAIR,1997,Finalist,,RISING SUN,1972, Semifinalist
,CENTENNIAL,1997,Finalist,,TOWSON,1972, Semifinalist
,FRANCIS SCOTT KEY,1997,Champion,,BLADENSBURG,1972, Finalist
,LARGO,1997,Champion,,POCOMOKE,1972, Finalist
,LINGANORE,1997,Champion,,SOUTHERN (AA),1972, Finalist
,RISING SUN,1997, Semifinalist,,WASHINGTON,1972, Finalist
,TOWSON,1997, Semifinalist,,GWYNN PARK,1972, Champion
,WESTERN (B),1997, Semifinalist,,NORTH HAGERSTOWN,1972, Champion
,WILDE LAKE,1997, Semifinalist,,SPRINGBROOK,1972, Champion
,NORTHERN (G),1997, Finalist,,THOMAS STONE,1972, Champion
,SOUTHERN (AA),1997, Finalist,,ANNAPOLIS,1973, Semifinalist
,WHEATON,1997, Champion,,BEALL,1973, Semifinalist
,HAVRE DE GRACE,1998,Semifinalist,,CALVERT COUNTY,1973, Semifinalist
,ARUNDEL,1998,Finalist,,FREDERICK,1973, Semifinalist
,PAINT BRANCH,1998, Semifinalist,,GLENEGL,1973, Semifinalist
,POTOMAC,1998, Semifinalist,,COLONEL RICHARDSON,1973, Semifinalist
,RISING SUN,1998, Semifinalist,,SPRINGBROOK,1973, Semifinalist
,SOUTHERN (AA),1998, Semifinalist,,WICOMICO,1973, Semifinalist
,WASHINGTON,1998, Semifinalist,,BETHESDA-CHEVY CHASE,1973, Finalist
,WESTERN (B),1998, Semifinalist,,CHOPTICON,1973, Finalist
,WILDE LAKE,1998, Semifinalist,,FORT HILL,1973, Finalist
,MIDDLETOWN,1998, Finalist,,MIDDLETOWN,1973, Finalist
,MILFORD MILL,1998, Finalist,,BLADENSBURG,1973, Champion
,WILLIAMSPORT,1998, Finalist,,CRISFIELD,1973, Champion
,OAKLAND MILLS,1998, Champion,,ROCKVILLE,1973, Champion
,SUITLAND,1998, Champion,,SOUTHERN (AA),1973, Champion
,TOWSON,1998, Champion,,CROSSLAND,1974, Semifinalist
,WHEATON,1998, Champion,,EDGEWOOD,1974, Semifinalist
,CAMBRIDGE/SD,1999,Semifinalist,,HAVRE DE GRACE,1974, Semifinalist
,CENTRAL (PG),1999,Semifinalist,,POTOMAC,1974, Semifinalist
,FREDERICK,1999,Semifinalist,,SHERWOOD,1974, Semifinalist
,ALLEGANY,1999,Finalist,,SPRINGBROOK,1974, Semifinalist
,DUVAL,1999,Champion,,VALLEY,1974, Semifinalist
,GLENELG,1999,Champion,,BETHESDA-CHEVY CHASE,1974, Finalist
,NORTH EAST (Cecil),1999, Semifinalist,,STEPHEN DECATUR,1974, Finalist
,WHEATON,1999, Semifinalist,,PARKVILLE,1974, Finalist
,MILFORD MILL,1999, Finalist,,POCOMOKE,1974, Finalist
,NORTHERN (Cal.),1999, Finalist,,WILDE LAKE,1974, Finalist
,URBANA,1999, Finalist,,ANNAPOLIS,1974, Champion
,WESTERN (B),1999, Finalist,,FREDERICK,1974, Champion
,PARKSIDE,1999, Champion,,GWYNN PARK,1974, Champion
,SUITLAND,1999, Champion,,SOUTH HAGERSTOWN,1974, Champion
,FREDERICK,2000,Semifinalist,,ARUNDEL,1975, Semifinalist
,GWYNN PARK,2000,Semifinalist,,BRUCE,1975, Semifinalist
,GLENELG,2000,Finalist,,FREDERICK,1975, Semifinalist
,LINGANORE,2000,Finalist,,LARGO,1975, Semifinalist
,ALLEGANY,2000,Champion,,MIDDLETOWN,1975, Semifinalist
,ARUNDEL,2000,Champion,,NORTHWOOD,1975, Semifinalist
,DUNBAR,2000,Champion,,PARKVILLE,1975, Semifinalist
,DUVAL,2000,Champion,,ROCKVILLE,1975, Semifinalist
,PAINT BRANCH,2000, Semifinalist,,CAMBRIDGE,1975, Finalist
,PARKSIDE,2000, Semifinalist,,CATONSVILLE,1975, Finalist
,POCOMOKE,2000, Semifinalist,,DUVAL,1975, Finalist
,RISING SUN,2000, Semifinalist,,GWYNN PARK,1975, Finalist
,THOMAS STONE,2000, Semifinalist,,MONTGOMERY BLAIR,1975, Champion
,WESTERN (B),2000, Semifinalist,,EDGEWOOD,1975, Champion
,MILFORD MILL,2000, Finalist,,GOV. THOMAS JOHNSON,1975, Champion
,OXON HILL,2000, Champion,,WASHINGTON,1975, Champion
,ARUNDEL,2001,Semifinalist,,BRUCE,1976,Semifinalist
,BLADENSBURG,2001,Semifinalist,,ANNAPOLIS,1976, Semifinalist
,BOHEMIA MANOR,2001,Semifinalist,,DULANEY,1976, Semifinalist
,STEPHEN DECATUR,2001,Semifinalist,,EDGEWOOD,1976, Semifinalist
,FAIRMONT HEIGHTS,2001,Semifinalist,,WALTER JOHNSON,1976, Semifinalist
,WINSTON CHURCHILL,2001,Finalist,,LARGO,1976, Semifinalist
,LA PLATA,2001,Finalist,,NORTH CAROLINE,1976, Semifinalist
,DUNBAR,2001,Champion,,WALKERSVILLE,1976, Semifinalist
,GLENELG,2001,Champion,,ANDOVER,1976, Finalist
,NORTH DORCHESTER,2001, Semifinalist,,BETHESDA-CHEVY CHASE,1976, Finalist
,WESTERN (B),2001, Semifinalist,,JOPPATOWNE,1976, Finalist
,WESTLAKE,2001, Semifinalist,,COLONEL RICHARDSON,1976, Finalist
,MILFORD MILL,2001, Finalist,,SOUTHERN (G),1976, Finalist
,SOUTHERN (G),2001, Finalist,,ABERDEEN,1976, Champion
,URBANA,2001, Finalist,,GWYNN PARK,1976, Champion
,PAINT BRANCH,2001, Champion,,PARKDALE,1976, Champion
,SUITLAND,2001, Champion,,POCOMOKE,1976, Champion
,ABERDEEN,2002,Semifinalist,,ABERDEEN,1977, Semifinalist
,BOHEMIA MANOR,2002,Semifinalist,,ANNAPOLIS,1977, Semifinalist
,CHESAPEAKE (AA),2002,Semifinalist,,CRISFIELD,1977, Semifinalist
,JOPPATOWNE,2002,Semifinalist,,DULANEY,1977, Semifinalist
,HEREFORD,2002,Semifinalist,,FRANCIS SCOTT KEY,1977, Semifinalist
,JOPPATOWNE,2002,Semifinalist,,NORTH CAROLINE,1977, Semifinalist
,MARDELA,2002,Semifinalist,,COLONEL RICHARDSON,1977, Semifinalist
,HAMMOND,2002,Finalist,,THOMAS STONE,1977, Semifinalist
,WINSTON CHURCHILL,2002,Champion,,BEALL,1977, Finalist
,DUNBAR,2002,Champion,,EDGEWOOD,1977, Finalist
,DUVAL,2002,Champion,,NORTH HAGERSTOWN,1977, Finalist
,GWYNN PARK,2002,Champion,,POTOMAC,1977, Finalist
,URBANA,2002, Semifinalist,,MONTGOMERY BLAIR,1977, Champion
,WESTLAKE,2002, Semifinalist,,BRUNSWICK,1977, Champion
,WOODLAWN,2002, Semifinalist,,PAINT BRANCH,1977, Champion
,MILFORD MILL,2002, Finalist,,CHARLES W. WOODWARD,1977, Champion
,SMITHSBURG,2002, Finalist,,ANNAPOLIS,1978, Semifinalist
,OXON HILL,2002, Champion,,BEALL,1978, Semifinalist
,ABERDEEN,2003,Semifinalist,,CAMBRIDGE/SD,1978, Semifinalist
,ARUNDEL,2003,Semifinalist,,HENRY E. LACKEY,1978, Semifinalist
,DUVAL,2003,Semifinalist,,POOLESVILLE,1978, Semifinalist
,JOPPATOWNE,2003,Semifinalist,,RISING SUN,1978, Semifinalist
,JOPPATOWNE,2003,Semifinalist,,SURRATTSVILLE,1978, Semifinalist
,WINSTON CHURCHILL,2003,Champion,,WILDE LAKE,1978, Semifinalist
,DUNBAR,2003,Champion,,WOODLAWN,1978, Semifinalist
,GWYNN PARK,2003,Champion,,BLADENSBURG,1978, Finalist
,OXON HILL,2003, Semifinalist,,GOV. THOMAS JOHNSON,1978, Finalist
,PATUXENT,2003, Semifinalist,,SHERWOOD,1978, Finalist
,SMITHSBURG,2003, Semifinalist,,WINSTON CHURCHILL,1978, Champion
,URBANA,2003, Semifinalist,,CRISFIELD,1978, Champion
,MILFORD MILL,2003, Finalist,,FREDERICK,1978, Champion
,POCOMOKE,2003, Finalist,,THOMAS S. WOOTTON,1978, Champion
,WOODLAWN,2003, Finalist,,BLADENSBURG,1979, Semifinalist
,WALKERSVILLE,2003, Champion,,CAMBRIDGE/SD,1979, Semifinalist
,CITY COLLEGE,2004,Semifinalist,,CATONSVILLE,1979, Semifinalist
,DAMASCUS,2004,Semifinalist,,CRISFIELD,1979, Semifinalist
,STEPHEN DECATUR,2004,Semifinalist,,FREDERICK,1979, Semifinalist
,ARUNDEL,2004,Champion,,HAVRE DE GRACE,1979, Semifinalist
,GWYNN PARK,2004,Champion,,PATAPSCO,1979, Semifinalist
,OXON HILL,2004, Semifinalist,,SURRATTSVILLE,1979, Semifinalist
,POCOMOKE,2004, Semifinalist,,ANNAPOLIS,1979, Finalist
,WESTERN (B),2004, Semifinalist,,MIDDLETOWN,1979, Finalist
,WESTLAKE,2004, Semifinalist,,SOUTHERN (AA),1979, Finalist
,PAINT BRANCH,2004, Finalist,,THOMAS STONE,1979, Finalist
,SOUTHSIDE ACADEMY,2004, Finalist,,MONTGOMERY BLAIR,1979, Champion
,WOODLAWN,2004, Finalist,,SHERWOOD,1979, Champion
,POTOMAC,2004, Champion,,VALLEY,1979, Champion
,SOUTHERN (G),2004, Champion,,THOMAS S. WOOTTON,1979, Champion
,WALKERSVILLE,2004, Champion,,ANDOVER,1980, Semifinalist
,CATOCTIN,2005,Semifinalist,,ANNAPOLIS,1980, Semifinalist
,GOV. THOMAS JOHNSON,2005,Semifinalist,,CATONSVILLE,1980, Semifinalist
,CITY COLLEGE,2005,Finalist,,LINGANORE,1980, Semifinalist
,NEW TOWN,2005, Semifinalist,,OAKLAND MILLS,1980, Semifinalist
,PARKSIDE,2005, Semifinalist,,RANDALLSTOWN,1980, Semifinalist
,POCOMOKE,2005, Semifinalist,,SOUTH HAGERSTOWN,1980, Semifinalist
,RIVER HILL,2005, Semifinalist,,VALLEY,1980, Semifinalist
,SPRINGBROOK,2005, Semifinalist,,MOUNT HEBRON,1980, Finalist
,WESTLAKE,2005, Semifinalist,,ROCKVILLE,1980, Finalist
,WINTERS MILL,2005, Semifinalist,,SOUTHERN (AA),1980, Finalist
,PAINT BRANCH,2005, Finalist,,SUITLAND,1980, Finalist
,SOUTH RIVER,2005, Finalist,,CAMBRIDGE/SD,1980, Champion
,MILFORD MILL,2005, Champion,,CRISFIELD,1980, Champion
,POTOMAC,2005, Champion,,GWYNN PARK,1980, Champion
,ELEANOR ROOSEVELT,2005, Champion,,LAUREL,1980, Champion
,SOUTHSIDE ACADEMY,2005, Champion,,ABERDEEN,1981, Semifinalist
,ARUNDEL,2006,Semifinalist,,ANDOVER,1981, Semifinalist
,ATHOLTON,2006,Semifinalist,,CATOCTIN,1981, Semifinalist
,GWYNN PARK,2006,Semifinalist,,JOPPATOWNE,1981, Semifinalist
,LEONARDTOWN,2006,Finalist,,POCOMOKE,1981, Semifinalist
,CATOCTIN,2006,Champion,,SEVERNA PARK,1981, Semifinalist
,NEW TOWN,2006, Semifinalist,,SPRINGBROOK,1981, Semifinalist
,POCOMOKE,2006, Semifinalist,,STEPHEN DECATUR,1981, Finalist
,SOUTHERN (AA),2006, Semifinalist,,FREDERICK,1981, Finalist
,SOUTHSIDE ACADEMY,2006, Semifinalist,,KENT COUNTY,1981, Finalist
,SPRINGBROOK,2006, Semifinalist,,KENWOOD,1981, Finalist
,URBANA,2006, Semifinalist,,MOUNT HEBRON,1981, Finalist
,MILFORD MILL,2006, Finalist,,ROCKVILLE,1981, Finalist
,WESTERN (B),2006, Finalist,,FAIRMONT HEIGHTS,1981, Champion
,MIDDLETOWN,2006, Champion,,POTOMAC,1981, Champion
,RIVER HILL,2006, Champion,,SOUTHERN (AA),1981, Champion
,ELEANOR ROOSEVELT,2006, Champion,,VALLEY,1981, Champion
,FALLSTON,2007,Semifinalist,,ANNAPOLIS,1982, Semifinalist
,JAMES H. BLAKE,2007,Finalist,,ATHOLTON,1982, Semifinalist
,ATHOLTON,2007,Champion,,HAMMOND,1982, Semifinalist
,LARGO,2007,Champion,,KENWOOD,1982, Semifinalist
,NEW TOWN,2007, Semifinalist,,ROCKVILLE,1982, Semifinalist
,OLD MILL,2007, Semifinalist,,SOUTHERN (G),1982, Semifinalist
,PAINT BRANCH,2007, Semifinalist,,WICOMICO,1982, Semifinalist
,BALTIMORE POLYTECHNIC,2007, Semifinalist,,ANDOVER,1982, Finalist
,SURRATTSVILLE,2007, Semifinalist,,MCDONOUGH,1982, Finalist
,WALKERSVILLE,2007, Semifinalist,,MILFORD MILL,1982, Finalist
,WALT WHITMAN,2007, Semifinalist,,WALKERSVILLE,1982, Finalist
,POCOMOKE,2007, Finalist,,CRISFIELD,1982, Champion
,SOUTHERN (AA),2007, Finalist,,FREDERICK,1982, Champion
,WESTERN (B),2007, Finalist,,HIGH POINT,1982, Champion
,ELEANOR ROOSEVELT,2007, Champion,,GOV. THOMAS JOHNSON,1982, Champion
,SOUTHERN (G),2007, Champion,,ABERDEEN,1983, Semifinalist
,JAMES H. BLAKE,2008,Semifinalist,,BETHESDA-CHEVY CHASE,1983, Semifinalist
,DIGITAL HARBOR,2008,Semifinalist,,ALBERT EINSTEIN,1983, Semifinalist
,DULANEY,2008,Semifinalist,,FLINTSTONE,1983, Semifinalist
,ALLEGANY,2008,Finalist,,MEADE,1983, Semifinalist
,ARUNDEL,2008,Finalist,,NORTHEAST (AA),1983, Semifinalist
,ATHOLTON,2008,Finalist,,SMITHSBURG,1983, Semifinalist
,SURRATTSVILLE,2008, Semifinalist,,WOODLAWN,1983, Semifinalist
,WESTERN (B),2008, Semifinalist,,CATONSVILLE,1983, Finalist
,WICOMICO,2008, Semifinalist,,FRIENDLY,1983, Finalist
,WINTERS MILL,2008, Semifinalist,,WICOMICO,1983, Finalist
,BALTIMORE POLYTECHNIC,2008, Finalist,,GWYNN PARK,1983, Champion
,MOUNT HEBRON,2008, Champion,,HAMMOND,1983, Champion
,PAINT BRANCH,2008, Champion,,SOUTHERN (AA),1983, Champion
,POCOMOKE,2008, Champion,,THOMAS S. WOOTTON,1983, Champion
,ELEANOR ROOSEVELT,2008, Champion,,ABERDEEN,1984, Semifinalist
,ALLEGANY,2009,Semifinalist,,STEPHEN DECATUR,1984, Semifinalist
,ARUNDEL,2009,Semifinalist,,FRIENDLY,1984, Semifinalist
,BROADNECK,2009,Semifinalist,,HAVRE DE GRACE,1984, Semifinalist
,DOUGLASS (PG),2009,Semifinalist,,LOCH RAVEN,1984, Semifinalist
,GAITHERSBURG,2009,Semifinalist,,RANDALLSTOWN,1984, Semifinalist
,LINGANORE,2009,Semifinalist,,SOUTH CARROLL,1984, Semifinalist
,JAMES H. BLAKE,2009,Finalist,,SOUTHERN (AA),1984, Semifinalist
,CITY COLLEGE,2009,Champion,,ANNAPOLIS,1984, Finalist
,DIGITAL HARBOR,2009,Champion,,BRUCE,1984, Finalist
,FALLSTON,2009,Champion,,NORTHERN (Cal.),1984, Finalist
,NORTH HAGERSTOWN,2009, Semifinalist,,CHARLES W. WOODWARD,1984, Finalist
,PARKSIDE,2009, Semifinalist,,BETHESDA-CHEVY CHASE,1984, Champion
,POCOMOKE,2009, Semifinalist,,CENTRAL (PG),1984, Champion
,WESTERN (B),2009, Semifinalist,,MOUNT HEBRON,1984, Champion
,PAINT BRANCH,2009, Finalist,,WALKERSVILLE,1984, Champion
,RIVER HILL,2009, Finalist,,ANNAPOLIS,1985, Semifinalist
,SURRATTSVILLE,2009, Finalist,,JAMES M. BENNETT,1985, Semifinalist
,ELEANOR ROOSEVELT,2009, Champion,,CAMBRIDGE/SD,1985, Semifinalist
,CENTENNIAL,2010,Semifinalist,,NORTH CARROLL,1985, Semifinalist
,DIGITAL HARBOR,2010,Semifinalist,,PIKESVILLE,1985, Semifinalist
,DOUGLASS (PG),2010,Semifinalist,,RANDALLSTOWN,1985, Semifinalist
,DUNBAR,2010,Semifinalist,,SOUTHERN (G),1985, Semifinalist
,GAITHERSBURG,2010,Semifinalist,,HAVRE DE GRACE,1985, Finalist
,HEREFORD,2010,Semifinalist,,MCDONOUGH,1985, Finalist
,MARDELA,2010,Semifinalist,,MILFORD MILL,1985, Finalist
,LIBERTY,2010,Semifinalist,,PAINT BRANCH,1985, Finalist
,LEONARDTOWN,2010,Finalist,,THOMAS S. WOOTTON,1985, Finalist
,GWYNN PARK,2010,Finalist,,FORESTVILLE,1985, Champion
,ARUNDEL,2010,Champion,,GOV. THOMAS JOHNSON,1985, Champion
,FALLSTON,2010,Champion,,SUITLAND,1985, Champion
,URBANA,2010, Semifinalist,,WILDE LAKE,1985, Champion
,"DR. HENRY A. WISE, JR.",2010, Semifinalist,,ABERDEEN,1986, Semifinalist
,SMITHSBURG,2010, Finalist,,ANNAPOLIS,1986, Semifinalist
,WESTERN (B),2010, Finalist,,BROADNECK,1986, Semifinalist
,SENECA VALLEY,2010, Champion,,HAVRE DE GRACE,1986, Semifinalist
,DIGITAL HARBOR,2011,Semifinalist,,HIGH POINT,1986, Semifinalist
,DOUGLASS (PG),2011,Semifinalist,,OAKLAND MILLS,1986, Semifinalist
,GAITHERSBURG,2011,Semifinalist,,PARKVILLE,1986, Semifinalist
,HEREFORD,2011,Semifinalist,,POCOMOKE,1986, Semifinalist
,MARDELA,2011,Semifinalist,,FREDERICK DOUGLASS (PG),1986, Finalist
,HOWARD,2011,Semifinalist,,VALLEY,1986, Finalist
,ELKTON,2011,Semifinalist,,WALT WHITMAN,1986, Finalist
,ABERDEEN,2011,Finalist,,CHARLES W. WOODWARD,1986, Finalist
,JOPPATOWNE,2011,Finalist,,CROSSLAND,1986, Champion
,JOPPATOWNE,2011,Finalist,,GOV. THOMAS JOHNSON,1986, Champion
,CALVERT,2011,Champion,,SOUTHERN (AA),1986, Champion
,DUNBAR,2011,Champion,,WALKERSVILLE,1986, Champion
,FREDERICK,2011,Champion,,ANNAPOLIS,1987, Semifinalist
,GAITHERSBURG,2011,Champion,,CALVERT,1987, Semifinalist
,URBANA,2011, Semifinalist,,FALLSTON,1987, Semifinalist
,MIDDLETOWN,2011, Finalist,,FORESTVILLE,1987, Semifinalist
,NORTHERN (G),2011, Finalist,,JOPPATOWNE,1987, Semifinalist
,"DR. HENRY A. WISE, JR.",2011, Finalist,,PARKVILLE,1987, Semifinalist
,FORT HILL,2012,Semifinalist,,SPRINGBROOK,1987, Semifinalist
,FREDERICK,2012,Semifinalist,,WALKERSVILLE,1987, Semifinalist
,KENT COUNTY,2012,Semifinalist,,CROSSLAND,1987, Finalist
,CENTURY,2012,Finalist,,MOUNT HEBRON,1987, Finalist
,ABERDEEN,2012,Champion,,SHERWOOD,1987, Finalist
,CALVERT,2012,Champion,,VALLEY,1987, Finalist
,DUNBAR,2012,Champion,,GWYNN PARK,1987, Champion
,GAITHERSBURG,2012,Champion,,WALTER JOHNSON,1987, Champion
,JOPPATOWNE,2012,Champion,,NORTH CAROLINE,1987, Champion
,JOPPATOWNE,2012,Champion,,NORTHWESTERN (PG),1987, Champion
,NORTH POINT,2012, Semifinalist,,CAMBRIDGE/SD,1988, Semifinalist
,PATTERSON MILL,2012, Semifinalist,,EASTON,1988, Semifinalist
,BALTIMORE POLYTECHNIC,2012, Semifinalist,,GAITHERSBURG,1988, Semifinalist
,WESTLAKE,2012, Semifinalist,,HAVRE DE GRACE,1988, Semifinalist
,OWINGS MILLS,2012, Finalist,,MEADE,1988, Semifinalist
,RIVER HILL,2012, Finalist,,OAKLAND MILLS,1988, Semifinalist
,WESTERN STES,2012, Finalist,,PAINT BRANCH,1988, Semifinalist
,"DR. HENRY A. WISE, JR.",2012, Finalist,,TOWSON,1988, Semifinalist
,DAMASCUS,2013,Semifinalist,,CROSSLAND,1988, Finalist
,FRIENDLY,2013,Semifinalist,,THOMAS STONE,1988, Finalist
,HEREFORD,2013,Semifinalist,,WALKERSVILLE,1988, Finalist
,MARDELA,2013,Semifinalist,,GWYNN PARK,1988, Champion
,DUNBAR,2013,Finalist,,MILFORD MILL,1988, Champion
,ABERDEEN,2013,Champion,,SMITHSBURG,1988, Champion
,CALVERT,2013,Champion,,SPRINGBROOK,1988, Champion
,JOPPATOWNE,2013,Champion,,BOONSBORO,1989, Semifinalist
,JOPPATOWNE,2013,Champion,,CALVERT,1989, Semifinalist
,PATTERSON MILL,2013, Semifinalist,,JOHN F. KENNEDY,1989, Semifinalist
,RANDALLSTOWN,2013, Semifinalist,,MIDDLETOWN,1989, Semifinalist
,ELEANOR ROOSEVELT,2013, Semifinalist,,NORTH CAROLINE,1989, Semifinalist
,SOUTHERN (G),2013, Semifinalist,,NORTHERN (Cal.),1989, Semifinalist
,WALT WHITMAN,2013, Semifinalist,,TOWSON,1989, Semifinalist
,MIDDLETOWN,2013, Finalist,,WOODLAWN,1989, Semifinalist
,BALTIMORE POLYTECHNIC,2013, Finalist,,ANNAPOLIS,1989, Finalist
,RIVER HILL,2013, Finalist,,CITY COLLEGE,1989, Finalist
,NORTH POINT,2013, Champion,,HAMMOND,1989, Finalist
,WESTERN STES,2013, Champion,,MILFORD MILL,1989, Finalist
,DUNBAR,2014,Semifinalist,,SOUTH CARROLL,1989, Finalist
,HEREFORD,2014,Semifinalist,,CAMBRIDGE/SD,1989, Champion
,COL. ZADOK MAGRUDER,2014,Semifinalist,,HIGH POINT,1989, Champion
,MARDELA,2014,Semifinalist,,POTOMAC,1989, Champion
,CALVERT,2014,Finalist,,SNOW HILL,1989, Champion
,DAMASCUS,2014,Finalist,,CAMBRIDGE/SD,1990, Semifinalist
,NATIONAL ACADEMY FOUNDATION (NAF),2014, Semifinalist,,ELKTON,1990, Semifinalist
,PAINT BRANCH,2014, Semifinalist,,MIDDLETOWN,1990, Semifinalist
,BALTIMORE POLYTECHNIC,2014, Semifinalist,,POTOMAC,1990, Semifinalist
,WALKERSVILLE,2014, Semifinalist,,RANDALLSTOWN,1990, Semifinalist
,WESTLAKE,2014, Semifinalist,,COLONEL RICHARDSON,1990, Semifinalist
,NORTH POINT,2014, Finalist,,SPRINGBROOK,1990, Semifinalist
,MILFORD MILL,2014, Champion,,HAMMOND,1990, Finalist
,PATTERSON MILL,2014, Champion,,HIGH POINT,1990, Finalist
,ELEANOR ROOSEVELT,2014, Champion,,NORTHERN (Cal.),1990, Finalist
,SOUTHERN (G),2014, Champion,,WESTMAR,1990, Finalist
,FOREST PARK,2015,Semifinalist,,ANNAPOLIS,1990, Champion
,FORESTVILLE,2015,Champion,,CENTRAL (PG),1990, Champion
,OAKLAND MILLS,2015, Semifinalist,,JOPPATOWNE,1990, Champion
,OLD MILL,2015, Semifinalist,,OAKLAND MILLS,1990, Champion
,POCOMOKE,2015, Semifinalist,,ANNAPOLIS,1991, Semifinalist
,BALTIMORE POLYTECHNIC,2015, Semifinalist,,BRUNSWICK,1991, Semifinalist
,WESTLAKE,2015, Semifinalist,,NORTHERN (Cal.),1991, Semifinalist
,WALT WHITMAN,2015, Semifinalist,,OAKLAND MILLS,1991, Semifinalist
,OAKDALE,2015, Finalist,,QUINCE ORCHARD,1991, Semifinalist
,PAINT BRANCH,2015, Finalist,,WATKINS MILL,1991, Semifinalist
,SOUTHERN (G),2015, Finalist,,WILDE LAKE,1991, Semifinalist
,URBANA,2015, Finalist,,WILLIAMSPORT,1991, Semifinalist
,WESTERN STES,2015, Finalist,,CATONSVILLE,1991, Finalist
,MILFORD MILL,2015, Champion,,EDGEWOOD,1991, Finalist
,PATTERSON MILL,2015, Champion,,POCOMOKE,1991, Finalist
,ELEANOR ROOSEVELT,2015, Champion,,SPRINGBROOK,1991, Finalist
,FOREST PARK,2016,Semifinalist,,DUVAL,1991, Champion
,FREDERICK,2016,Semifinalist,,FORESTVILLE,1991, Champion
,KENT ISLAND,2016,Semifinalist,,PARKDALE,1991, Champion
,FORESTVILLE,2016,Champion,,CROSSLAND,1992, Semifinalist
,LARGO,2016,Champion,,STEPHEN DECATUR,1992, Semifinalist
,GLENELG,2016,Champion,,DUVAL,1992, Semifinalist
,NEW TOWN,2016, Semifinalist,,POCOMOKE,1992, Semifinalist
,NORTH POINT,2016, Semifinalist,,SENECA VALLEY,1992, Semifinalist
,PARKDALE,2016, Semifinalist,,WALKERSVILLE,1992, Semifinalist
,POCOMOKE,2016, Semifinalist,,WILLIAMSPORT,1992, Semifinalist
,NORTHERN (Cal.),2016, Finalist,,OLD MILL,1992, Finalist
,BALTIMORE POLYTECHNIC,2016, Finalist,,OVERLEA,1992, Finalist
,SOUTHERN (G),2016, Finalist,,PAINT BRANCH,1992, Finalist
,WESTERN (B),2016, Finalist,,PERRYVILLE,1992, Finalist
,WILLIAMSPORT,2016, Finalist,,POTOMAC,1992, Finalist
,NEW TOWN,2016, Champion,,CATONSVILLE,1992, Champion
,WALT WHITMAN,2016, Champion,,FORESTVILLE,1992, Champion
,KENT ISLAND,2017,Semifinalist,,HIGH POINT,1992, Champion
,MARRIOTTS RIDGE,2017,Semifinalist,,MILFORD MILL,1992, Champion
,ATHOLTON,2017,Finalist,,CATONSVILLE,1993, Semifinalist
,DOUGLASS (PG),2017,Finalist,,CHOPTICON,1993, Semifinalist
,CATONSVILLE,2017,Champion,,EDGEWOOD,1993, Semifinalist
,FREDERICK,2017,Champion,,FALLSTON,1993, Semifinalist
,MILFORD MILL,2017, Semifinalist,,HIGH POINT,1993, Semifinalist
,NEW TOWN,2017, Semifinalist,,GOV. THOMAS JOHNSON,1993, Semifinalist
,NORTH POINT,2017, Semifinalist,,SPRINGBROOK,1993, Semifinalist
,OXON HILL,2017, Semifinalist,,WESTMAR,1993, Semifinalist
,POCOMOKE,2017, Semifinalist,,CAMBRIDGE/SD,1993, Finalist
,ELEANOR ROOSEVELT,2017, Semifinalist,,HEREFORD,1993, Finalist
,SOUTHWESTERN,2017, Semifinalist,,MEADE,1993, Finalist
,SOUTHERN (G),2017, Finalist,,POTOMAC,1993, Finalist
,WALT WHITMAN,2017, Finalist,,ALLEGANY,1993, Champion
,NEW TOWN,2017, Champion,,PAUL LAURENCE DUNBAR,1993, Champion
,PATTERSON MILL,2017, Champion,,LARGO,1993, Champion
,BETHESDA-CHEVY CHASE,2018,Semifinalist,,SOUTHERN (B),1993, Champion
,COPPIN ACADEMY,2018,Semifinalist,,CROSSLAND,1994, Semifinalist
,GWYNN PARK,2018,Semifinalist,,EDGEWOOD,1994, Semifinalist
,CATONSVILLE,2018,Finalist,,GLEN BURNIE,1994, Semifinalist
,DOUGLASS (PG),2018,Finalist,,GOV. THOMAS JOHNSON,1994, Semifinalist
,LONG REACH,2018,Finalist,,POTOMAC,1994, Semifinalist
,FREDERICK,2018,Champion,,RANDALLSTOWN,1994, Semifinalist
,NORTH POINT,2018, Semifinalist,,SNOW HILL,1994, Semifinalist
,OAKLAND MILLS,2018, Semifinalist,,WILLIAMSPORT,1994, Semifinalist
,PIKESVILLE,2018, Semifinalist,,ALLEGANY,1994, Finalist
,BALTIMORE POLYTECHNIC,2018, Semifinalist,,FREDERICK DOUGLASS (B),1994, Finalist
,C. MILTON WRIGHT,2018, Semifinalist,,SPRINGBROOK,1994, Finalist
,QUEEN ANNE'S,2018, Finalist,,WILDE LAKE,1994, Finalist
,POOLESVILLE,2018, Champion,,PAUL LAURENCE DUNBAR,1994, Champion
,ELEANOR ROOSEVELT,2018, Champion,,DUVAL,1994, Champion
,SOUTHERN (G),2018, Champion,,MILFORD MILL,1994, Champion
,ABERDEEN,2019,Semifinalist,,SOUTHERN (B),1994, Champion
,BETHESDA-CHEVY CHASE,2019,Semifinalist,,ARUNDEL,1995, Semifinalist
,COPPIN ACADEMY,2019,Semifinalist,,BROADNECK,1995, Semifinalist
,DOUGLASS (PG),2019,Semifinalist,,EDGEWOOD,1995, Semifinalist
,GAITHERSBURG,2019,Semifinalist,,GWYNN PARK,1995, Semifinalist
,JOPPATOWNE,2019,Semifinalist,,HIGH POINT,1995, Semifinalist
,JOPPATOWNE,2019,Semifinalist,,COLONEL RICHARDSON,1995, Semifinalist
,LONG REACH,2019,Semifinalist,,SOUTH HAGERSTOWN,1995, Semifinalist
,FREDERICK,2019,Champion,,WILLIAMSPORT,1995, Semifinalist
,CHARLES H. FLOWERS,2019,Champion,,GOV. THOMAS JOHNSON,1995, Finalist
,QUEEN ANNE'S,2019, Semifinalist,,MILFORD MILL,1995, Finalist
,WESTERN (B),2019, Semifinalist,,OAKLAND MILLS,1995, Finalist
,MIDDLETOWN,2019, Finalist,,SPRINGBROOK,1995, Finalist
,OLD MILL,2019, Finalist,,PAUL LAURENCE DUNBAR,1995, Champion
,BALTIMORE POLYTECHNIC,2019, Finalist,,FORESTVILLE,1995, Champion
,SMITHSBURG,2019, Finalist,,LAKE CLIFTON/EASTERN,1995, Champion
,PIKESVILLE,2019, Champion,,RANDALLSTOWN,1995, Champion
,RIVER HILL,2019, Champion,,ANNAPOLIS,1996, Semifinalist
,CHESAPEAKE MATH & IT NORTH,2020,Semifinalist,,BRUNSWICK,1996, Semifinalist
,WINSTON CHURCHILL,2020,Semifinalist,,GWYNN PARK,1996, Semifinalist
,COPPIN ACADEMY,2020,Semifinalist,,HAVRE DE GRACE,1996, Semifinalist
,EASTON,2020,Semifinalist,,MIDDLETOWN,1996, Semifinalist
,FOREST PARK,2020,Semifinalist,,PAINT BRANCH,1996, Semifinalist
,FREDERICK,2020,Semifinalist,,RANDALLSTOWN,1996, Semifinalist
,LA PLATA,2020,Semifinalist,,SOUTHERN (AA),1996, Semifinalist
,HOWARD,2020,Semifinalist,,ABERDEEN,1996, Finalist
,CHARLES H. FLOWERS,2020,Semifinalist,,JOHN F. KENNEDY,1996, Finalist
,MIDDLETOWN,2020, Semifinalist,,NORTHWESTERN (PG),1996, Finalist
,PIKESVILLE,2020, Semifinalist,,WILLIAMSPORT,1996, Finalist
,BALTIMORE POLYTECHNIC,2020, Semifinalist,,CAMBRIDGE/SD,1996, Champion
,ROCKVILLE,2020, Semifinalist,,CENTRAL (PG),1996, Champion
,SOUTHERN (G),2020, Semifinalist,,PAUL LAURENCE DUNBAR,1996, Champion
,SURRATTSVILLE,2020, Semifinalist,,SOUTHERN (B),1996, Champion
,WESTERN (B),2020, Semifinalist,,CITY COLLEGE,1997, Semifinalist
,WESTLAKE,2020, Semifinalist,,CRISFIELD,1997, Semifinalist
,FOREST PARK,2022,Semifinalist,,CROSSLAND,1997, Semifinalist
,FORT HILL,2022,Semifinalist,,PAINT BRANCH,1997, Semifinalist
,GLEN BURNIE,2022,Semifinalist,,RANDALLSTOWN,1997, Semifinalist
,GWYNN PARK,2022,Semifinalist,,WESTMAR,1997, Semifinalist
,CHARLES H. FLOWERS,2022,Semifinalist,,WHEATON,1997, Semifinalist
,CATOCTIN,2022,Finalist,,PAUL LAURENCE DUNBAR,1997, Finalist
,HEREFORD,2022,Finalist,,LONG REACH,1997, Finalist
,HOWARD,2022,Finalist,,MILFORD MILL,1997, Finalist
,FALLSTON,2022,Champion,,PARKDALE,1997, Finalist
,ROCKVILLE,2022, Semifinalist,,CALVERT,1997, Champion
,WILLIAMSPORT,2022, Semifinalist,,EDGEWOOD,1997, Champion
,C. MILTON WRIGHT,2022, Semifinalist,,SOUTHWESTERN,1997, Champion
,PIKESVILLE,2022, Champion,,SURRATTSVILLE,1997, Champion
,BALTIMORE POLYTECHNIC,2022, Champion,,ABERDEEN,1998, Semifinalist
,WESTERN (B),2022, Champion,,ANNAPOLIS,1998, Semifinalist
,FOREST PARK,2023,Semifinalist,,BRUNSWICK,1998, Semifinalist
,WINSTON CHURCHILL,2023,Finalist,,EDGEWOOD,1998, Semifinalist
,KENT ISLAND,2023,Finalist,,GOV. THOMAS JOHNSON,1998, Semifinalist
,LA PLATA,2023,Finalist,,MERGENTHALER,1998, Semifinalist
,HENRY E. LACKEY,2023,Champion,,MIDDLETOWN,1998, Semifinalist
,GLEN BURNIE,2023,Champion,,SOUTH HAGERSTOWN,1998, Semifinalist
,HOWARD,2023,Champion,,CENTRAL (PG),1998, Finalist
,OXON HILL,2023, Semifinalist,,OXON HILL,1998, Finalist
,PATTERSON MILL,2023, Semifinalist,,POCOMOKE,1998, Finalist
,SAINT CHARLES,2023, Semifinalist,,PAUL LAURENCE DUNBAR,1998, Champion
,SEVERNA PARK,2023, Semifinalist,,FOREST PARK,1998, Champion
,WESTERN (B),2023, Semifinalist,,FRIENDLY,1998, Champion
,WILLIAMSPORT,2023, Semifinalist,,GAITHERSBURG,1998, Champion
,MOUNTAIN RIDGE,2023, Finalist,,ABERDEEN,1999, Semifinalist
,BALTIMORE POLYTECHNIC,2023, Finalist,,CENTRAL (PG),1999, Semifinalist
,PIKESVILLE,2023, Champion,,CITY COLLEGE,1999, Semifinalist
,CATOCTIN,2024,Semifinalist,,ALBERT EINSTEIN,1999, Semifinalist
,FOREST PARK,2024,Semifinalist,,MEADE,1999, Semifinalist
,GWYNN PARK,2024,Semifinalist,,SHERWOOD,1999, Semifinalist
,CHARLES H. FLOWERS,2024,Semifinalist,,SOUTH HAGERSTOWN,1999, Semifinalist
,BETHESDA-CHEVY CHASE,2024,Finalist,,EDGEWOOD,1999, Finalist
,FRANCIS SCOTT KEY,2024,Finalist,,GWYNN PARK,1999, Finalist
,CLARKSBURG,2024,Champion,,NORTH DORCHESTER,1999, Finalist
,HAMMOND,2024,Champion,,OXON HILL,1999, Finalist
,NORTH POINT,2024, Semifinalist,,PIKESVILLE,1999, Finalist
,OXON HILL,2024, Semifinalist,,PAUL LAURENCE DUNBAR,1999, Champion
,RIVER HILL,2024, Semifinalist,,LAKE CLIFTON/EASTERN,1999, Champion
,WICOMICO,2024, Semifinalist,,ANNAPOLIS,2000, Semifinalist
,OAKDALE,2024, Finalist,,BRUNSWICK,2000, Semifinalist
,SOUTHERN (G),2024, Finalist,,EDMONDSON/WESTSIDE,2000, Semifinalist
,PIKESVILLE,2024, Champion,,FORT HILL,2000, Semifinalist
,BALTIMORE POLYTECHNIC,2024, Champion,,MEADE,2000, Semifinalist
,,,,,NORTHERN (Cal.),2000, Semifinalist
,,,,,SOUTHERN (B),2000, Semifinalist
,,,,,WILLIAMSPORT,2000, Semifinalist
,,,,,GWYNN PARK,2000, Finalist
,,,,,PIKESVILLE,2000, Finalist
,,,,,QUINCE ORCHARD,2000, Finalist
,,,,,RANDALLSTOWN,2000, Finalist
,,,,,ABERDEEN,2000, Champion
,,,,,CRISFIELD,2000, Champion
,,,,,OXON HILL,2000, Champion
,,,,,PAINT BRANCH,2000, Champion
,,,,,ARUNDEL,2001, Semifinalist
,,,,,CROSSLAND,2001, Semifinalist
,,,,,FAIRMONT HEIGHTS,2001, Semifinalist
,,,,,FORT HILL,2001, Semifinalist
,,,,,LAKE CLIFTON/EASTERN,2001, Semifinalist
,,,,,SOUTHERN (G),2001, Semifinalist
,,,,,WESTLAKE,2001, Semifinalist
,,,,,GOV. THOMAS JOHNSON,2001, Finalist
,,,,,OAKLAND MILLS,2001, Finalist
,,,,,ELEANOR ROOSEVELT,2001, Finalist
,,,,,WICOMICO,2001, Finalist
,,,,,PAUL LAURENCE DUNBAR,2001, Champion
,,,,,COL. ZADOK MAGRUDER,2001, Champion
,,,,,RANDALLSTOWN,2001, Champion
,,,,,SNOW HILL,2001, Champion
,,,,,CHESAPEAKE (BC),2002, Semifinalist
,,,,,CHOPTICON,2002, Semifinalist
,,,,,EASTERN TECHNICAL,2002, Semifinalist
,,,,,COL. ZADOK MAGRUDER,2002, Semifinalist
,,,,,MERGENTHALER,2002, Semifinalist
,,,,,NORTH HAGERSTOWN,2002, Semifinalist
,,,,,SOUTH CARROLL,2002, Semifinalist
,,,,,SOUTH HAGERSTOWN,2002, Semifinalist
,,,,,CENTRAL (PG),2002, Finalist
,,,,,PAUL LAURENCE DUNBAR,2002, Finalist
,,,,,GWYNN PARK,2002, Finalist
,,,,,GOV. THOMAS JOHNSON,2002, Finalist
,,,,,FREDERICK DOUGLASS (B),2002, Champion
,,,,,POCOMOKE,2002, Champion
,,,,,ELEANOR ROOSEVELT,2002, Champion
,,,,,WICOMICO,2002, Champion
,,,,,JAMES HUBERT BLAKE,2003, Semifinalist
,,,,,FORT HILL,2003, Semifinalist
,,,,,GLEN BURNIE,2003, Semifinalist
,,,,,HAVRE DE GRACE,2003, Semifinalist
,,,,,LAKE CLIFTON/EASTERN,2003, Semifinalist
,,,,,RANDALLSTOWN,2003, Semifinalist
,,,,,SOUTH HAGERSTOWN,2003, Semifinalist
,,,,,SOUTHERN (B),2003, Semifinalist
,,,,,CENTRAL (PG),2003, Finalist
,,,,,CHOPTICON,2003, Finalist
,,,,,COL. ZADOK MAGRUDER,2003, Finalist
,,,,,POCOMOKE,2003, Finalist
,,,,,JAMES M. BENNETT,2003, Champion
,,,,,PAUL LAURENCE DUNBAR,2003, Champion
,,,,,FRIENDLY,2003, Champion
,,,,,OXON HILL,2003, Champion
,,,,,JAMES M. BENNETT,2004, Semifinalist
,,,,,CAMBRIDGE/SD,2004, Semifinalist
,,,,,ELKTON,2004, Semifinalist
,,,,,GLEN BURNIE,2004, Semifinalist
,,,,,LINGANORE,2004, Semifinalist
,,,,,SOUTH HAGERSTOWN,2004, Semifinalist
,,,,,WOODLAWN,2004, Semifinalist
,,,,,ALLEGANY,2004, Finalist
,,,,,GWYNN PARK,2004, Finalist
,,,,,LANSDOWNE,2004, Finalist
,,,,,MCDONOUGH,2004, Finalist
,,,,,SPRINGBROOK,2004, Finalist
,,,,,FREDERICK DOUGLASS (B),2004, Champion
,,,,,PAUL LAURENCE DUNBAR,2004, Champion
,,,,,FRIENDLY,2004, Champion
,,,,,ALLEGANY,2005, Semifinalist
,,,,,ANNAPOLIS,2005, Semifinalist
,,,,,CROSSLAND,2005, Semifinalist
,,,,,EASTERN TECHNICAL,2005, Semifinalist
,,,,,JOPPATOWNE,2005, Semifinalist
,,,,,LARGO,2005, Semifinalist
,,,,,WALKERSVILLE,2005, Semifinalist
,,,,,ABERDEEN,2005, Finalist
,,,,,BETHESDA-CHEVY CHASE,2005, Finalist
,,,,,JAMES HUBERT BLAKE,2005, Finalist
,,,,,OLD MILL,2005, Finalist
,,,,,POCOMOKE,2005, Finalist
,,,,,PAUL LAURENCE DUNBAR,2005, Champion
,,,,,POTOMAC,2005, Champion
,,,,,RANDALLSTOWN,2005, Champion
,,,,,WALBROOK,2005, Champion
,,,,,CAMBRIDGE/SD,2006, Semifinalist
,,,,,MERGENTHALER,2006, Semifinalist
,,,,,NEW TOWN,2006, Semifinalist
,,,,,POTOMAC,2006, Semifinalist
,,,,,SENECA VALLEY,2006, Semifinalist
,,,,,SOUTHWESTERN,2006, Semifinalist
,,,,,WINTERS MILL,2006, Semifinalist
,,,,,ALLEGANY,2006, Finalist
,,,,,HENRY E. LACKEY,2006, Finalist
,,,,,OLD MILL,2006, Finalist
,,,,,ELEANOR ROOSEVELT,2006, Finalist
,,,,,WICOMICO,2006, Finalist
,,,,,PAUL LAURENCE DUNBAR,2006, Champion
,,,,,LONG REACH,2006, Champion
,,,,,RANDALLSTOWN,2006, Champion
,,,,,WALT WHITMAN,2006, Champion
,,,,,FORT HILL,2007, Semifinalist
,,,,,FREDERICK,2007, Semifinalist
,,,,,LARGO,2007, Semifinalist
,,,,,MERGENTHALER,2007, Semifinalist
,,,,,ELEANOR ROOSEVELT,2007, Semifinalist
,,,,,SNOW HILL,2007, Semifinalist
,,,,,WICOMICO,2007, Semifinalist
,,,,,BETHESDA-CHEVY CHASE,2007, Finalist
,,,,,PAUL LAURENCE DUNBAR,2007, Finalist
,,,,,FAIRMONT HEIGHTS,2007, Finalist
,,,,,COL. ZADOK MAGRUDER,2007, Finalist
,,,,,NEW TOWN,2007, Champion
,,,,,RANDALLSTOWN,2007, Champion
,,,,,RIVER HILL,2007, Champion
,,,,,SHERWOOD,2007, Champion
,,,,,BETHESDA-CHEVY CHASE,2008, Semifinalist
,,,,,PAUL LAURENCE DUNBAR,2008, Semifinalist
,,,,,FORT HILL,2008, Semifinalist
,,,,,GWYNN PARK,2008, Semifinalist
,,,,,LAKE CLIFTON/EASTERN,2008, Semifinalist
,,,,,LAUREL,2008, Semifinalist
,,,,,PARKVILLE,2008, Semifinalist
,,,,,WICOMICO,2008, Semifinalist
,,,,,LONG REACH,2008, Finalist
,,,,,RANDALLSTOWN,2008, Finalist
,,,,,THOMAS STONE,2008, Finalist
,,,,,SURRATTSVILLE,2008, Finalist
,,,,,LARGO,2008, Champion
,,,,,SNOW HILL,2008, Champion
,,,,,SPRINGBROOK,2008, Champion
,,,,,WINTERS MILL,2008, Champion
,,,,,ALLEGANY,2009, Semifinalist
,,,,,ATHOLTON,2009, Semifinalist
,,,,,CENTURY,2009, Semifinalist
,,,,,SOUTH CARROLL,2009, Semifinalist
,,,,,THOMAS STONE,2009, Semifinalist
,,,,,WALBROOK,2009, Semifinalist
,,,,,WICOMICO,2009, Semifinalist
,,,,,FREDERICK DOUGLASS (PG),2009, Finalist
,,,,,FRIENDLY,2009, Finalist
,,,,,"DR. HENRY A. WISE, JR.",2009, Finalist
,,,,,CITY COLLEGE,2009, Champion
,,,,,DIGITAL HARBOR,2009, Champion
,,,,,LAKE CLIFTON/EASTERN,2009, Champion
,,,,,SPRINGBROOK,2009, Champion
,,,,,ALLEGANY,2010, Semifinalist
,,,,,JAMES HUBERT BLAKE,2010, Semifinalist
,,,,,STEPHEN DECATUR,2010, Semifinalist
,,,,,EASTON,2010, Semifinalist
,,,,,NORTH CARROLL,2010, Semifinalist
,,,,,ELEANOR ROOSEVELT,2010, Semifinalist
,,,,,SNOW HILL,2010, Semifinalist
,,,,,URBANA,2010, Semifinalist
,,,,,GWYNN PARK,2010, Finalist
,,,,,OWINGS MILLS,2010, Finalist
,,,,,THOMAS STONE,2010, Finalist
,,,,,CITY COLLEGE,2010, Champion
,,,,,DIGITAL HARBOR,2010, Champion
,,,,,PAUL LAURENCE DUNBAR,2010, Champion
,,,,,MILFORD MILL,2010, Champion
,,,,,OLD MILL,2010, Champion
,,,,,SPRINGBROOK,2010, Champion
,,,,,FRIENDLY,2011, Semifinalist
,,,,,GWYNN PARK,2011, Semifinalist
,,,,,COL. ZADOK MAGRUDER,2011, Semifinalist
,,,,,OWINGS MILLS,2011, Semifinalist
,,,,,POCOMOKE,2011, Semifinalist
,,,,,ELEANOR ROOSEVELT,2011, Semifinalist
,,,,,SOUTH CARROLL,2011, Semifinalist
,,,,,SOUTH HAGERSTOWN,2011, Semifinalist
,,,,,EASTON,2011, Finalist
,,,,,PATTERSON,2011, Finalist
,,,,,WILLIAMSPORT,2011, Finalist
,,,,,PAUL LAURENCE DUNBAR,2011, Champion
,,,,,MILFORD MILL,2011, Champion
,,,,,NORTH POINT,2011, Champion
,,,,,EASTON,2012, Semifinalist
,,,,,POCOMOKE,2012, Semifinalist
,,,,,SHERWOOD,2012, Semifinalist
,,,,,SMITHSBURG,2012, Semifinalist
,,,,,SOUTH CARROLL,2012, Semifinalist
,,,,,TUSCARORA,2012, Semifinalist
,,,,,CENTENNIAL,2012, Finalist
,,,,,LARGO,2012, Finalist
,,,,,NEW TOWN,2012, Finalist
,,,,,NORTH POINT,2012, Finalist
,,,,,ELEANOR ROOSEVELT,2012, Finalist
,,,,,THOMAS STONE,2012, Finalist
,,,,,PAUL LAURENCE DUNBAR,2012, Champion
,,,,,LAKE CLIFTON/EASTERN,2012, Champion
,,,,,COL. ZADOK MAGRUDER,2012, Champion
,,,,,PATTERSON,2012, Champion
,,,,,BRUNSWICK,2013, Semifinalist
,,,,,CALVERT,2013, Semifinalist
,,,,,OAKDALE,2013, Semifinalist
,,,,,BALTIMORE POLYTECHNIC,2013, Semifinalist
,,,,,RESERVOIR,2013, Semifinalist
,,,,,URBANA,2013, Semifinalist
,,,,,WASHINGTON,2013, Semifinalist
,,,,,COL. ZADOK MAGRUDER,2013, Finalist
,,,,,NEW TOWN,2013, Finalist
,,,,,NORTH POINT,2013, Finalist
,,,,,POTOMAC,2013, Finalist
,,,,,WICOMICO,2013, Finalist
,,,,,PAUL LAURENCE DUNBAR,2013, Champion
,,,,,EDMONDSON/WESTSIDE,2013, Champion
,,,,,ELEANOR ROOSEVELT,2013, Champion
,,,,,ANNAPOLIS,2014, Semifinalist
,,,,,CENTRAL (PG),2014, Semifinalist
,,,,,CRISFIELD,2014, Semifinalist
,,,,,MILFORD MILL,2014, Semifinalist
,,,,,PATTERSON,2014, Semifinalist
,,,,,PATTERSON MILL,2014, Semifinalist
,,,,,POCOMOKE,2014, Semifinalist
,,,,,SPRINGBROOK,2014, Semifinalist
,,,,,URBANA,2014, Semifinalist
,,,,,ALLEGANY,2014, Finalist
,,,,,OAKDALE,2014, Finalist
,,,,,WESTLAKE,2014, Finalist
,,,,,WALT WHITMAN,2014, Finalist
,,,,,CITY COLLEGE,2014, Champion
,,,,,EDMONDSON/WESTSIDE,2014, Champion
,,,,,POTOMAC,2014, Champion
,,,,,"DR. HENRY A. WISE, JR.",2014, Champion
,,,,,ALLEGANY,2015, Semifinalist
,,,,,DUVAL,2015, Semifinalist
,,,,,JOPPATOWNE,2015, Semifinalist
,,,,,LINGANORE,2015, Semifinalist
,,,,,OAKDALE,2015, Semifinalist
,,,,,SPRINGBROOK,2015, Semifinalist
,,,,,WICOMICO,2015, Semifinalist
,,,,,C. MILTON WRIGHT,2015, Semifinalist
,,,,,BETHESDA-CHEVY CHASE,2015, Finalist
,,,,,LAKE CLIFTON/EASTERN,2015, Finalist
,,,,,PATTERSON,2015, Finalist
,,,,,WESTLAKE,2015, Finalist
,,,,,CENTENNIAL,2015, Champion
,,,,,MEADE,2015, Champion
,,,,,NEW TOWN,2015, Champion
,,,,,OAKLAND MILLS,2015, Champion
,,,,,CLEAR SPRING,2016, Semifinalist
,,,,,GWYNN PARK,2016, Semifinalist
,,,,,HUNTINGTOWN,2016, Semifinalist
,,,,,PERRY HALL,2016, Semifinalist
,,,,,QUEEN ANNEÕS,2016, Semifinalist
,,,,,SENECA VALLEY,2016, Semifinalist
,,,,,SURRATTSVILLE,2016, Semifinalist
,,,,,WALT WHITMAN,2016, Semifinalist
,,,,,STEPHEN DECATUR,2016, Finalist
,,,,,LAKE CLIFTON/EASTERN,2016, Finalist
,,,,,MEADE,2016, Finalist
,,,,,MIDDLETOWN,2016, Finalist
,,,,,NEW TOWN,2016, Champion
,,,,,POCOMOKE,2016, Champion
,,,,,ELEANOR ROOSEVELT,2016, Champion
,,,,,C. MILTON WRIGHT,2016, Champion
,,,,,ALLEGANY,2017, Semifinalist
,,,,,ANNAPOLIS,2017, Semifinalist
,,,,,CENTRAL (PG),2017, Semifinalist
,,,,,STEPHEN DECATUR,2017, Semifinalist
,,,,,HARFORD TECHNICAL,2017, Semifinalist
,,,,,KENT COUNTY,2017, Semifinalist
,,,,,SENECA VALLEY,2017, Semifinalist
,,,,,"DR. HENRY A. WISE, JR.",2017, Semifinalist
,,,,,CENTURY,2017, Finalist
,,,,,EDMONDSON/WESTSIDE,2017, Finalist
,,,,,QUINCE ORCHARD,2017, Finalist
,,,,,FAIRMONT HEIGHTS,2017, Champion
,,,,,PATTERSON,2017, Champion
,,,,,PERRY HALL,2017, Champion
,,,,,BALTIMORE POLYTECHNIC,2017, Champion
,,,,,CLEAR SPRING,2018, Semifinalist
,,,,,STEPHEN DECATUR,2018, Semifinalist
,,,,,GAITHERSBURG,2018, Semifinalist
,,,,,GOV. THOMAS JOHNSON,2018, Semifinalist
,,,,,OAKDALE,2018, Semifinalist
,,,,,PATTERSON MILL,2018, Semifinalist
,,,,,RIVER HILL,2018, Semifinalist
,,,,,BLADENSBURG,2018, Finalist
,,,,,FAIRMONT HEIGHTS,2018, Finalist
,,,,,MILFORD MILL,2018, Finalist
,,,,,NORTH CAROLINE,2018, Finalist
,,,,,OLD MILL,2018, Finalist
,,,,,PAUL LAURENCE DUNBAR,2018, Champion
,,,,,LAKE CLIFTON/EASTERN,2018, Champion
,,,,,PERRY HALL,2018, Champion
,,,,,BALTIMORE POLYTECHNIC,2018, Champion
,,,,,CRISFIELD,2019, Semifinalist
,,,,,FREDERICK DOUGLASS (PG),2019, Semifinalist
,,,,,DULANEY,2019, Semifinalist
,,,,,GOV. THOMAS JOHNSON,2019, Semifinalist
,,,,,RICHARD MONTGOMERY,2019, Semifinalist
,,,,,OAKDALE,2019, Semifinalist
,,,,,THOMAS STONE,2019, Semifinalist
,,,,,C. MILTON WRIGHT,2019, Semifinalist
,,,,,BROADNECK,2019, Finalist
,,,,,RESERVOIR,2019, Finalist
,,,,,SOUTHERN (G),2019, Finalist
,,,,,WICOMICO,2019, Finalist
,,,,,LAKE CLIFTON/EASTERN,2019, Champion
,,,,,PATTERSON,2019, Champion
,,,,,BALTIMORE POLYTECHNIC,2019, Champion
,,,,,ELEANOR ROOSEVELT,2019, Champion
,,,,,ATHOLTON,2020, Semifinalist
,,,,,FREDERICK DOUGLASS (PG),2020, Semifinalist
,,,,,EDMONDSON/WESTSIDE,2020, Semifinalist
,,,,,FAIRMONT HEIGHTS,2020, Semifinalist
,,,,,LAKE CLIFTON/EASTERN,2020, Semifinalist
,,,,,RICHARD MONTGOMERY,2020, Semifinalist
,,,,,NEW TOWN,2020, Semifinalist
,,,,,NORTHEAST (AA),2020, Semifinalist
,,,,,OAKDALE,2020, Semifinalist
,,,,,PARKVILLE,2020, Semifinalist
,,,,,BALTIMORE POLYTECHNIC,2020, Semifinalist
,,,,,ST. CHARLES,2020, Semifinalist
,,,,,SOUTHERN (G),2020, Semifinalist
,,,,,SPRINGBROOK,2020, Semifinalist
,,,,,WICOMICO,2020, Semifinalist
,,,,,"DR. HENRY A. WISE, JR.",2020, Semifinalist
,,,,,ATHOLTON,2022, Semifinalist
,,,,,CAMBRIDGE/SD,2022, Semifinalist
,,,,,CITY COLLEGE,2022, Semifinalist
,,,,,MEADE,2022, Semifinalist
,,,,,OVERLEA,2022, Semifinalist
,,,,,PARKVILLE,2022, Semifinalist
,,,,,PATTERSON MILL,2022, Semifinalist
,,,,,WICOMICO,2022, Semifinalist
,,,,,WINSTON CHURCHILL,2022, Finalist
,,,,,FREDERICK DOUGLASS (PG),2022, Finalist
,,,,,EDMONDSON/WESTSIDE,2022, Finalist
,,,,,HUNTINGTOWN,2022, Finalist
,,,,,LAKE CLIFTON/EASTERN,2022, Champion
,,,,,OAKDALE,2022, Champion
,,,,,ELEANOR ROOSEVELT,2022, Champion
,,,,,WESTLAKE,2022, Champion
,,,,,ABERDEEN,2023, Semifinalist
,,,,,CMIT NORTH,2023, Semifinalist
,,,,,FORT HILL,2023, Semifinalist
,,,,,FREDERICK,2023, Semifinalist
,,,,,GAITHERSBURG,2023, Semifinalist
,,,,,SHERWOOD,2023, Semifinalist
,,,,,WALKERSVILLE,2023, Semifinalist
,,,,,WICOMICO,2023, Semifinalist
,,,,,DAMASCUS,2023, Finalist
,,,,,LAKE CLIFTON/EASTERN,2023, Finalist
,,,,,LARGO,2023, Finalist
,,,,,MEADE,2023, Finalist
,,,,,CITY COLLEGE,2023, Champion
,,,,,EDMONDSON/WESTSIDE,2023, Champion
,,,,,NEW TOWN,2023, Champion
,,,,,PARKVILLE,2023, Champion
,,,,,STEPHEN DECATUR,2024, Semifinalist
,,,,,FORT HILL,2024, Semifinalist
,,,,,LONG REACH,2024, Semifinalist
,,,,,MIDDLETOWN,2024, Semifinalist
,,,,,RICHARD MONTGOMERY,2024, Semifinalist
,,,,,SMITHSBURG,2024, Semifinalist
,,,,,"DR. HENRY A. WISE, JR.",2024, Semifinalist
,,,,,C. MILTON WRIGHT,2024, Semifinalist
,,,,,CAMBRIDGE/SD,2024, Finalist
,,,,,ST. CHARLES,2024, Finalist
,,,,,WALT WHITMAN,2024, Finalist
,,,,,EDMONDSON/WESTSIDE,2024, Champion
,,,,,FREDERICK,2024, Champion
,,,,,LARGO,2024, Champion
,,,,,NORTHEAST (AA),2024, Champion
,,,,,,,
,,,,,,,
,,,,,,,
,,,,,,,
,,,,,,,
,,,,,,,
,,,,,,,
,,,,,,,
,,,,,,,
,,,,,,,
,,,,,,,
,,,,,,,
,,,,,,,
,,,,,,,
,,,,,,,
,,,,,,,
,,,,,,,
,,,,,,,
,,,,,,,
,,,,,,,
,,,,,,,
,,,,,,,
,,,,,,,
,,,,,,,
,,,,,,,
,,,,,,,
,,,,,,,
,,,,,,,
,,,,,,,
,,,,,,,
,,,,,,,
,,,,,,,
,,,,,,,
,,,,,,,
,,,,,,,
,,,,,,,
,,,,,,,
,,,,,,,
,,,,,,,
,,,,,,,
,,,,,,,
,,,,,,,
,,,,,,,
,,,,,,,
,,,,,,,
,,,,,,,
,,,,,,,
,,,,,,,
,,,,,,,
,,,,,,,
,,,,,,,
,,,,,,,
,,,,,,,
,,,,,,,
,,,,,,,
,,,,,,,
,,,,,,,
,,,,,,,
,,,,,,,
,,,,,,,
,,,,,,,
,,,,,,,
,,,,,,,
,,,,,,,
,,,,,,,
,,,,,,,
,,,,,,,
,,,,,,,
,,,,,,,
,,,,,,,
,,,,,,,
,,,,,,,
,,,,,,,
,,,,,,,
,,,,,,,
,,,,,,,
,,,,,,,
,,,,,,,
,,,,,,,
,,,,,,,
,,,,,,,
,,,,,,,
,,,,,,,
,,,,,,,
,,,,,,,
,,,,,,,
,,,,,,,
,,,,,,,
,,,,,,,
,,,,,,,
,,,,,,,
,,,,,,,
,,,,,,,
,,,,,,,
,,,,,,,
,,,,,,,
,,,,,,,
,,,,,,,
,,,,,,,
,,,,,,,
,,,,,,,
,,,,,,,
,,,,,,,
,,,,,,,
,,,,,,,
,,,,,,,
,,,,,,,
,,,,,,,
,,,,,,,
,,,,,,,
,,,,,,,
,,,,,,,
,,,,,,,
,,,,,,,
,,,,,,,
,,,,,,,
,,,,,,,
,,,,,,,
,,,,,,,
,,,,,,,
,,,,,,,
,,,,,,,
,,,,,,,
,,,,,,,
,,,,,,,
,,,,,,,
,,,,,,,
,,,,,,,
,,,,,,,
,,,,,,,
,,,,,,,
,,,,,,,
,,,,,,,
,,,,,,,
,,,,,,,
,,,,,,,
,,,,,,,
,,,,,,,
,,,,,,,
,,,,,,,
,,,,,,,
,,,,,,,
,,,,,,,
,,,,,,,
,,,,,,,
,,,,,,,
,,,,,,,
,,,,,,,
,,,,,,,
,,,,,,,
,,,,,,,
,,,,,,,
,,,,,,,
,,,,,,,
,,,,,,,
,,,,,,,
,,,,,,,
,,,,,,,
,,,,,,,
,,,,,,,
,,,,,,,
,,,,,,,
,,,,,,,
,,,,,,,
,,,,,,,
,,,,,,,
,,,,,,,
,,,,,,,
,,,,,,,
,,,,,,,
,,,,,,,
,,,,,,,
,,,,,,,
,,,,,,,
,,,,,,,
,,,,,,,
,,,,,,,
,,,,,,,
,,,,,,,
,,,,,,,
,,,,,,,
,,,,,,,
,,,,,,,
,,,,,,,
,,,,,,,
,,,,,,,
,,,,,,,
,,,,,,,
,,,,,,,
,,,,,,,
,,,,,,,
,,,,,,,
,,,,,,,
,,,,,,,
,,,,,,,
,,,,,,,
,,,,,,,
,,,,,,,
,,,,,,,
,,,,,,,
,,,,,,,
,,,,,,,
,,,,,,,
,,,,,,,
,,,,,,,
,,,,,,,
,,,,,,,
,,,,,,,
,,,,,,,
,,,,,,,
,,,,,,,
,,,,,,,
,,,,,,,
,,,,,,,
,,,,,,,
,,,,,,,
,,,,,,,
,,,,,,,
,,,,,,,
,,,,,,,
,,,,,,,
,,,,,,,
,,,,,,,
,,,,,,,
,,,,,,,
,,,,,,,
,,,,,,,
,,,,,,,
,,,,,,,
,,,,,,,
,,,,,,,
,,,,,,,
,,,,,,,
,,,,,,,
,,,,,,,
,,,,,,,
,,,,,,,
,,,,,,,
,,,,,,,
,,,,,,,
,,,,,,,
,,,,,,,
,,,,,,,
,,,,,,,
,,,,,,,
,,,,,,,
,,,,,,,
,,,,,,,
,,,,,,,
,,,,,,,
,,,,,,,
,,,,,,,
,,,,,,,
,,,,,,,
,,,,,,,
,,,,,,,
,,,,,,,
,,,,,,,
,,,,,,,
,,,,,,,
,,,,,,,
,,,,,,,
,,,,,,,
,,,,,,,
,,,,,,,
,,,,,,,
,,,,,,,
,,,,,,,
,,,,,,,
,,,,,,,
,,,,,,,
,,,,,,,
,,,,,,,
,,,,,,,
,,,,,,,
,,,,,,,
,,,,,,,
,,,,,,,
,,,,,,,
,,,,,,,
,,,,,,,
,,,,,,,
,,,,,,,
,,,,,,,
,,,,,,,
,,,,,,,
,,,,,,,
,,,,,,,
,,,,,,,
,,,,,,,
,,,,,,,
,,,,,,,
,,,,,,,
,,,,,,,
,,,,,,,
,,,,,,,
,,,,,,,
,,,,,,,
,,,,,,,
,,,,,,,
,,,,,,,
,,,,,,,
,,,,,,,
,,,,,,,
,,,,,,,
,,,,,,,
,,,,,,,
,,,,,,,
,,,,,,,
,,,,,,,
,,,,,,,
,,,,,,,
,,,,,,,
,,,,,,,
,,,,,,,
,,,,,,,
,,,,,,,
,,,,,,,
,,,,,,,
,,,,,,,
,,,,,,,
,,,,,,,
,,,,,,,
,,,,,,,
,,,,,,,
,,,,,,,
,,,,,,,
,,,,,,,
,,,,,,,
,,,,,,,
,,,,,,,
,,,,,,,
,,,,,,,
,,,,,,,
,,,,,,,
,,,,,,,
,,,,,,,
,,,,,,,
,,,,,,,
,,,,,,,
,,,,,,,
,,,,,,,
,,,,,,,
,,,,,,,
,,,,,,,
,,,,,,,
,,,,,,,
,,,,,,,
,,,,,,,
,,,,,,,
,,,,,,,
,,,,,,,
,,,,,,,
,,,,,,,
,,,,,,,
,,,,,,,
,,,,,,,
,,,,,,,
,,,,,,,
,,,,,,,
,,,,,,,
,,,,,,,
,,,,,,,
,,,,,,,
,,,,,,,
,,,,,,,
,,,,,,,
,,,,,,,
,,,,,,,
,,,,,,,
,,,,,,,
,,,,,,,
,,,,,,,
,,,,,,,
,,,,,,,
,,,,,,,
,,,,,,,
,,,,,,,
,,,,,,,
,,,,,,,
,,,,,,,
,,,,,,,
,,,,,,,
,,,,,,,
,,,,,,,
,,,,,,,
,,,,,,,
,,,,,,,
,,,,,,,
,,,,,,,
,,,,,,,
,,,,,,,
,,,,,,,
,,,,,,,
,,,,,,,
,,,,,,,
,,,,,,,
,,,,,,,
,,,,,,,
,,,,,,,
,,,,,,,
,,,,,,,
,,,,,,,
,,,,,,,
,,,,,,,
,,,,,,,
,,,,,,,
,,,,,,,
,,,,,,,
,,,,,,,
,,,,,,,
,,,,,,,
,,,,,,,
,,,,,,,
,,,,,,,
,,,,,,,
,,,,,,,
,,,,,,,
,,,,,,,
,,,,,,,
,,,,,,,
,,,,,,,
,,,,,,,
,,,,,,,
,,,,,,,
,,,,,,,
,,,,,,,
,,,,,,,
,,,,,,,
,,,,,,,
,,,,,,,
,,,,,,,
,,,,,,,
,,,,,,,
,,,,,,,
,,,,,,,
,,,,,,,
,,,,,,,
,,,,,,,
,,,,,,,
,,,,,,,
,,,,,,,
,,,,,,,
,,,,,,,
,,,,,,,
,,,,,,,
,,,,,,,
,,,,,,,
,,,,,,,
,,,,,,,
,,,,,,,
,,,,,,,
,,,,,,,
,,,,,,,
,,,,,,,
,,,,,,,
,,,,,,,
,,,,,,,
,,,,,,,
,,,,,,,
,,,,,,,
,,,,,,,
,,,,,,,
,,,,,,,
,,,,,,,
,,,,,,,
,,,,,,,
,,,,,,,
,,,,,,,
,,,,,,,
,,,,,,,
,,,,,,,
,,,,,,,
,,,,,,,
,,,,,,,
,,,,,,,
,,,,,,,
,,,,,,,
,,,,,,,
,,,,,,,
,,,,,,,
,,,,,,,
,,,,,,,
,,,,,,,
,,,,,,,
,,,,,,,
,,,,,,,
,,,,,,,
,,,,,,,
,,,,,,,
,,,,,,,
,,,,,,,
,,,,,,,
,,,,,,,
,,,,,,,
,,,,,,,
,,,,,,,
,,,,,,,
,,,,,,,
,,,,,,,
,,,,,,,
,,,,,,,
,,,,,,,
,,,,,,,
,,,,,,,
,,,,,,,
,,,,,,,
,,,,,,,
,,,,,,,
,,,,,,,
,,,,,,,
,,,,,,,
,,,,,,,
,,,,,,,
,,,,,,,
,,,,,,,
,,,,,,,
,,,,,,,
,,,,,,,
,,,,,,,
,,,,,,,
,,,,,,,
,,,,,,,
,,,,,,,
,,,,,,,
,,,,,,,
,,,,,,,
,,,,,,,
,,,,,,,
,,,,,,,
,,,,,,,
,,,,,,,
,,,,,,,
,,,,,,,
,,,,,,,
,,,,,,,
,,,,,,,
,,,,,,,
,,,,,,,
,,,,,,,
,,,,,,,
,,,,,,,
,,,,,,,
,,,,,,,
,,,,,,,
,,,,,,,
,,,,,,,
,,,,,,,
,,,,,,,
,,,,,,,
,,,,,,,
,,,,,,,
,,,,,,,
,,,,,,,
,,,,,,,
,,,,,,,
,,,,,,,
,,,,,,,
,,,,,,,
,,,,,,,
,,,,,,,
,,,,,,,
,,,,,,,
,,,,,,,
,,,,,,,
,,,,,,,
,,,,,,,
,,,,,,,
,,,,,,,
,,,,,,,
,,,,,,,
,,,,,,,
,,,,,,,
,,,,,,,
,,,,,,,
,,,,,,,
,,,,,,,
,,,,,,,
,,,,,,,
,,,,,,,
,,,,,,,
,,,,,,,
,,,,,,,
,,,,,,,
,,,,,,,
,,,,,,,
,,,,,,,
,,,,,,,
,,,,,,,
,,,,,,,
,,,,,,,
,,,,,,,
,,,,,,,
,,,,,,,
,,,,,,,
,,,,,,,
,,,,,,,
,,,,,,,
,,,,,,,
,,,,,,,
,,,,,,,
,,,,,,,
,,,,,,,
,,,,,,,
,,,,,,,
,,,,,,,
,,,,,,,
,,,,,,,
,,,,,,,
,,,,,,,
,,,,,,,
,,,,,,,
,,,,,,,
,,,,,,,
,,,,,,,
,,,,,,,
,,,,,,,
,,,,,,,
,,,,,,,
,,,,,,,
,,,,,,,
,,,,,,,
,,,,,,,
,,,,,,,
,,,,,,,
,,,,,,,
,,,,,,,
,,,,,,,
,,,,,,,
,,,,,,,
,,,,,,,
,,,,,,,
,,,,,,,
,,,,,,,
,,,,,,,
,,,,,,,
,,,,,,,
,,,,,,,
,,,,,,,
,,,,,,,
,,,,,,,
,,,,,,,
,,,,,,,
,,,,,,,
,,,,,,,
,,,,,,,
,,,,,,,
,,,,,,,
,,,,,,,
,,,,,,,
,,,,,,,
,,,,,,,
,,,,,,,
,,,,,,,
,,,,,,,
,,,,,,,
,,,,,,,
,,,,,,,
,,,,,,,
,,,,,,,
,,,,,,,
,,,,,,,
,,,,,,,
,,,,,,,
,,,,,,,
,,,,,,,
,,,,,,,
,,,,,,,
,,,,,,,
,,,,,,,
,,,,,,,
,,,,,,,
,,,,,,,
,,,,,,,
,,,,,,,
,,,,,,,
,,,,,,,
,,,,,,,
,,,,,,,
,,,,,,,
,,,,,,,
,,,,,,,
,,,,,,,
,,,,,,,
,,,,,,,
,,,,,,,
,,,,,,,
,,,,,,,
,,,,,,,
,,,,,,,
,,,,,,,
,,,,,,,
,,,,,,,
,,,,,,,
,,,,,,,
,,,,,,,
,,,,,,,
,,,,,,,
,,,,,,,
,,,,,,,
,,,,,,,
,,,,,,,
,,,,,,,
,,,,,,,
,,,,,,,
,,,,,,,
,,,,,,,
,,,,,,,
,,,,,,,
,,,,,,,
,,,,,,,
,,,,,,,
,,,,,,,
,,,,,,,
,,,,,,,
,,,,,,,
,,,,,,,
,,,,,,,
,,,,,,,
,,,,,,,
,,,,,,,
,,,,,,,
,,,,,,,
,,,,,,,
,,,,,,,
,,,,,,,
,,,,,,,
,,,,,,,
,,,,,,,
,,,,,,,
,,,,,,,
,,,,,,,
,,,,,,,
,,,,,,,
,,,,,,,
,,,,,,,
,,,,,,,
,,,,,,,
,,,,,,,
,,,,,,,
,,,,,,,
,,,,,,,
,,,,,,,
,,,,,,,
,,,,,,,
,,,,,,,
,,,,,,,
,,,,,,,
,,,,,,,
,,,,,,,
,,,,,,,
,,,,,,,
,,,,,,,
,,,,,,,
,,,,,,,
,,,,,,,
,,,,,,,
,,,,,,,
,,,,,,,
,,,,,,,
,,,,,,,
,,,,,,,
,,,,,,,
,,,,,,,
,,,,,,,
,,,,,,,
,,,,,,,
,,,,,,,
,,,,,,,
,,,,,,,
,,,,,,,
,,,,,,,
,,,,,,,
,,,,,,,
,,,,,,,
,,,,,,,
,,,,,,,
,,,,,,,
,,,,,,,
,,,,,,,
,,,,,,,
,,,,,,,
,,,,,,,
,,,,,,,
,,,,,,,
,,,,,,,
,,,,,,,
,,,,,,,
,,,,,,,
,,,,,,,
,,,,,,,